epochSeconds,market,symbol,stepChange,minDrop,maxJump,normalizedPricePT40M,changePT6H,rsiPT30M
1660968000,binance,DGBUSDT,0.0000,0.00,0.00,0.00,0.00,0.00
1660968060,binance,DGBUSDT,0.0028,0.00,0.00,6.17,0.00,0.00
1660968120,binance,DGBUSDT,0.0000,0.00,0.00,4.30,0.00,0.00
1660968180,binance,DGBUSDT,0.0000,0.00,0.00,3.47,0.00,0.00
1660968240,binance,DGBUSDT,0.0000,0.00,0.00,2.96,0.00,0.00
1660968300,binance,DGBUSDT,0.0019,0.00,0.00,3.90,0.00,0.00
1660968360,binance,DGBUSDT,-0.0019,-0.00,0.00,2.02,0.00,0.56
1660968420,binance,DGBUSDT,0.0019,-0.00,0.00,3.07,0.00,0.54
1660968480,binance,DGBUSDT,0.0000,-0.00,0.00,2.69,0.00,0.54
1660968540,binance,DGBUSDT,0.0000,-0.00,0.00,2.41,0.00,0.54
1660968600,binance,DGBUSDT,0.0000,-0.00,0.00,2.19,0.00,0.54
1660968660,binance,DGBUSDT,0.0000,-0.00,0.00,2.01,0.00,0.54
1660968720,binance,DGBUSDT,0.0000,-0.00,0.00,1.87,0.00,0.54
1660968780,binance,DGBUSDT,-0.0009,-0.00,0.00,1.30,0.00,0.61
1660968840,binance,DGBUSDT,0.0000,-0.00,0.00,1.23,0.00,0.61
1660968900,binance,DGBUSDT,0.0000,-0.00,0.00,1.17,0.00,0.61
1660968960,binance,DGBUSDT,0.0000,-0.00,0.00,1.11,0.00,0.61
1660969020,binance,DGBUSDT,-0.0019,-0.00,0.00,0.14,0.00,0.58
1660969080,binance,DGBUSDT,0.0000,-0.00,0.00,0.12,0.00,0.58
1660969140,binance,DGBUSDT,-0.0009,-0.00,0.00,-0.37,0.00,0.61
1660969200,binance,DGBUSDT,0.0000,-0.00,0.00,-0.39,0.00,0.61
1660969260,binance,DGBUSDT,0.0000,-0.00,0.00,-0.41,0.00,0.61
1660969320,binance,DGBUSDT,-0.0009,-0.00,0.00,-0.90,0.00,0.63
1660969380,binance,DGBUSDT,0.0000,-0.00,0.00,-0.90,0.00,0.63
1660969440,binance,DGBUSDT,-0.0009,-0.01,0.00,-1.36,-0.00,0.64
1660969500,binance,DGBUSDT,0.0000,-0.01,0.00,-1.33,-0.00,0.64
1660969560,binance,DGBUSDT,0.0009,-0.01,0.00,-0.85,0.00,0.60
1660969620,binance,DGBUSDT,-0.0019,-0.01,0.00,-1.72,-0.00,0.58
1660969680,binance,DGBUSDT,-0.0009,-0.01,0.00,-2.05,-0.00,0.59
1660969740,binance,DGBUSDT,0.0000,-0.01,0.00,-1.93,-0.00,0.59
1660969800,binance,DGBUSDT,0.0000,-0.01,0.00,-1.82,-0.00,0.55
1660969860,binance,DGBUSDT,0.0019,-0.01,0.00,-0.99,-0.00,0.56
1660969920,binance,DGBUSDT,-0.0009,-0.01,0.00,-1.35,-0.00,0.57
1660969980,binance,DGBUSDT,0.0000,-0.01,0.00,-1.30,-0.00,0.57
1660970040,binance,DGBUSDT,0.0000,-0.01,0.00,-1.26,-0.00,0.56
1660970100,binance,DGBUSDT,0.0000,-0.01,0.00,-1.22,-0.00,0.57
1660970160,binance,DGBUSDT,0.0009,-0.01,0.00,-0.83,-0.00,0.52
1660970220,binance,DGBUSDT,0.0000,-0.01,0.00,-0.82,-0.00,0.52
1660970280,binance,DGBUSDT,-0.0009,-0.01,0.00,-1.15,-0.00,0.52
1660970340,binance,DGBUSDT,0.0000,-0.01,0.00,-1.12,-0.00,0.52
1660970400,binance,DGBUSDT,0.0000,-0.01,0.00,-1.09,-0.00,0.52
1660970460,binance,DGBUSDT,0.0009,-0.01,0.00,-0.70,-0.00,0.51
1660970520,binance,DGBUSDT,0.0000,-0.01,0.00,-0.66,-0.00,0.50
1660970580,binance,DGBUSDT,0.0000,-0.01,0.00,-0.63,-0.00,0.50
1660970640,binance,DGBUSDT,0.0000,-0.01,0.00,-0.60,-0.00,0.50
1660970700,binance,DGBUSDT,0.0009,-0.01,0.00,-0.20,0.00,0.49
1660970760,binance,DGBUSDT,0.0000,-0.01,0.00,-0.18,0.00,0.51
1660970820,binance,DGBUSDT,0.0000,-0.01,0.00,-0.13,0.00,0.51
1660970880,binance,DGBUSDT,-0.0009,-0.01,0.00,-0.48,-0.00,0.51
1660970940,binance,DGBUSDT,0.0000,-0.01,0.00,-0.44,-0.00,0.51
1660971000,binance,DGBUSDT,0.0000,-0.01,0.00,-0.40,-0.00,0.51
1660971060,binance,DGBUSDT,0.0009,-0.01,0.00,0.11,0.00,0.50
1660971120,binance,DGBUSDT,0.0000,-0.01,0.00,0.18,0.00,0.50
1660971180,binance,DGBUSDT,0.0000,-0.01,0.00,0.25,0.00,0.49
1660971240,binance,DGBUSDT,0.0000,-0.01,0.00,0.34,0.00,0.49
1660971300,binance,DGBUSDT,0.0000,-0.01,0.00,0.45,0.00,0.50
1660971360,binance,DGBUSDT,0.0028,-0.00,0.01,2.69,0.00,0.60
1660971420,binance,DGBUSDT,0.0065,-0.00,0.01,4.90,0.01,0.70
1660971480,binance,DGBUSDT,0.0019,-0.00,0.01,4.24,0.01,0.69
1660971540,binance,DGBUSDT,-0.0009,-0.00,0.01,3.24,0.01,0.69
1660971600,binance,DGBUSDT,-0.0028,-0.00,0.01,2.16,0.01,0.62
1660971660,binance,DGBUSDT,-0.0019,-0.01,0.01,1.52,0.01,0.59
1660971720,binance,DGBUSDT,-0.0019,-0.01,0.01,0.95,0.00,0.58
1660971780,binance,DGBUSDT,0.0000,-0.01,0.01,0.91,0.00,0.58
1660971840,binance,DGBUSDT,0.0000,-0.01,0.01,0.87,0.00,0.58
1660971900,binance,DGBUSDT,0.0000,-0.01,0.01,0.83,0.00,0.60
1660971960,binance,DGBUSDT,-0.0028,-0.01,0.01,0.05,0.00,0.57
1660972020,binance,DGBUSDT,0.0000,-0.01,0.01,0.03,0.00,0.56
1660972080,binance,DGBUSDT,0.0000,-0.01,0.01,0.01,0.00,0.56
1660972140,binance,DGBUSDT,0.0000,-0.01,0.01,-0.02,0.00,0.56
1660972200,binance,DGBUSDT,0.0000,-0.01,0.01,-0.05,0.00,0.58
1660972260,binance,DGBUSDT,-0.0009,-0.01,0.01,-0.33,0.00,0.60
1660972320,binance,DGBUSDT,0.0000,-0.01,0.01,-0.34,0.00,0.60
1660972380,binance,DGBUSDT,0.0000,-0.01,0.01,-0.36,0.00,0.60
1660972440,binance,DGBUSDT,0.0000,-0.01,0.01,-0.38,0.00,0.64
1660972500,binance,DGBUSDT,0.0000,-0.01,0.01,-0.40,0.00,0.64
1660972560,binance,DGBUSDT,0.0000,-0.01,0.01,-0.41,0.00,0.64
1660972620,binance,DGBUSDT,0.0019,-0.01,0.01,0.14,0.00,0.60
1660972680,binance,DGBUSDT,-0.0009,-0.01,0.01,-0.17,0.00,0.62
1660972740,binance,DGBUSDT,0.0028,-0.01,0.01,0.67,0.00,0.62
1660972800,binance,DGBUSDT,0.0019,-0.01,0.01,1.19,0.01,0.63
1660972860,binance,DGBUSDT,0.0000,-0.01,0.01,1.13,0.01,0.63
1660972920,binance,DGBUSDT,0.0000,-0.01,0.01,1.07,0.01,0.63
1660972980,binance,DGBUSDT,0.0028,-0.01,0.01,1.80,0.01,0.63
1660973040,binance,DGBUSDT,-0.0009,-0.01,0.01,1.44,0.01,0.64
1660973100,binance,DGBUSDT,0.0000,-0.01,0.01,1.36,0.01,0.64
1660973160,binance,DGBUSDT,0.0000,-0.01,0.01,1.29,0.01,0.58
1660973220,binance,DGBUSDT,0.0000,-0.01,0.01,1.22,0.01,0.59
1660973280,binance,DGBUSDT,0.0000,-0.01,0.01,1.16,0.01,0.57
1660973340,binance,DGBUSDT,0.0019,-0.01,0.01,1.59,0.01,0.59
1660973400,binance,DGBUSDT,0.0000,-0.01,0.01,1.51,0.01,0.60
1660973460,binance,DGBUSDT,0.0000,-0.01,0.01,1.43,0.01,0.62
1660973520,binance,DGBUSDT,-0.0009,-0.01,0.01,1.11,0.01,0.63
1660973580,binance,DGBUSDT,0.0000,-0.01,0.01,1.06,0.01,0.63
1660973640,binance,DGBUSDT,0.0000,-0.01,0.01,1.01,0.01,0.63
1660973700,binance,DGBUSDT,-0.0009,-0.01,0.01,0.71,0.01,0.71
1660973760,binance,DGBUSDT,0.0000,-0.01,0.01,0.68,0.01,0.71
1660973820,binance,DGBUSDT,0.0000,-0.01,0.01,0.70,0.01,0.71
1660973880,binance,DGBUSDT,0.0000,-0.01,0.01,0.75,0.01,0.71
1660973940,binance,DGBUSDT,0.0000,-0.01,0.01,0.80,0.01,0.71
1660974000,binance,DGBUSDT,-0.0019,-0.01,0.01,0.25,0.01,0.67
1660974060,binance,DGBUSDT,0.0000,-0.00,0.01,0.25,0.01,0.67
1660974120,binance,DGBUSDT,0.0000,-0.00,0.01,0.24,0.01,0.67
1660974180,binance,DGBUSDT,-0.0009,-0.00,0.01,-0.05,0.00,0.67
1660974240,binance,DGBUSDT,0.0000,-0.00,0.01,-0.06,0.00,0.67
1660974300,binance,DGBUSDT,0.0000,-0.00,0.01,-0.06,0.00,0.67
1660974360,binance,DGBUSDT,0.0019,-0.00,0.01,0.47,0.01,0.67
1660974420,binance,DGBUSDT,0.0000,-0.00,0.01,0.43,0.01,0.67
1660974480,binance,DGBUSDT,-0.0009,-0.00,0.01,0.10,0.01,0.66
1660974540,binance,DGBUSDT,0.0009,-0.00,0.01,0.37,0.01,0.63
1660974600,binance,DGBUSDT,0.0000,-0.00,0.01,0.33,0.01,0.63
1660974660,binance,DGBUSDT,0.0000,-0.00,0.01,0.29,0.01,0.63
1660974720,binance,DGBUSDT,0.0000,-0.00,0.01,0.24,0.01,0.59
1660974780,binance,DGBUSDT,0.0000,-0.00,0.01,0.20,0.01,0.58
1660974840,binance,DGBUSDT,0.0000,-0.00,0.01,0.14,0.01,0.58
1660974900,binance,DGBUSDT,0.0000,-0.00,0.01,0.08,0.01,0.58
1660974960,binance,DGBUSDT,-0.0009,-0.00,0.01,-0.51,0.01,0.59
1660975020,binance,DGBUSDT,0.0009,-0.00,0.01,-0.06,0.01,0.56
1660975080,binance,DGBUSDT,0.0009,-0.00,0.01,0.51,0.01,0.52
1660975140,binance,DGBUSDT,0.0000,-0.00,0.00,0.47,0.01,0.52
1660975200,binance,DGBUSDT,0.0028,-0.00,0.01,2.44,0.01,0.58
1660975260,binance,DGBUSDT,0.0009,-0.00,0.01,2.76,0.01,0.56
1660975320,binance,DGBUSDT,-0.0019,-0.00,0.01,1.41,0.01,0.53
1660975380,binance,DGBUSDT,0.0000,-0.00,0.01,1.37,0.01,0.53
1660975440,binance,DGBUSDT,0.0009,-0.00,0.01,1.85,0.01,0.51
1660975500,binance,DGBUSDT,0.0037,-0.00,0.01,3.41,0.01,0.56
1660975560,binance,DGBUSDT,0.0018,-0.00,0.01,3.52,0.02,0.56
1660975620,binance,DGBUSDT,0.0028,-0.00,0.01,3.69,0.02,0.58
1660975680,binance,DGBUSDT,0.0074,-0.00,0.02,4.34,0.03,0.64
1660975740,binance,DGBUSDT,0.0027,-0.00,0.02,3.84,0.03,0.67
1660975800,binance,DGBUSDT,-0.0036,-0.00,0.02,2.73,0.03,0.58
1660975860,binance,DGBUSDT,0.0037,-0.00,0.02,2.90,0.03,0.59
1660975920,binance,DGBUSDT,0.0027,-0.00,0.03,2.87,0.03,0.57
1660975980,binance,DGBUSDT,-0.0036,-0.00,0.03,2.16,0.03,0.53
1660976040,binance,DGBUSDT,0.0073,-0.00,0.03,2.71,0.04,0.56
1660976100,binance,DGBUSDT,0.0027,-0.00,0.03,2.66,0.04,0.56
1660976160,binance,DGBUSDT,0.0090,-0.00,0.04,3.06,0.05,0.59
1660976220,binance,DGBUSDT,0.0009,-0.00,0.04,2.74,0.05,0.55
1660976280,binance,DGBUSDT,0.0402,-0.00,0.09,4.29,0.09,0.68
1660976340,binance,DGBUSDT,0.0129,-0.00,0.10,3.87,0.10,0.70
1660976400,binance,DGBUSDT,-0.0034,-0.00,0.10,3.12,0.10,0.68
1660976460,binance,DGBUSDT,0.0638,-0.00,0.17,4.20,0.17,0.77
1660976520,binance,DGBUSDT,-0.0304,-0.03,0.17,2.76,0.14,0.55
1660976580,binance,DGBUSDT,-0.0239,-0.05,0.17,1.91,0.11,0.48
1660976640,binance,DGBUSDT,-0.0296,-0.08,0.17,1.05,0.08,0.42
1660976700,binance,DGBUSDT,-0.0401,-0.12,0.16,-0.03,0.03,0.34
1660976760,binance,DGBUSDT,-0.0082,-0.13,0.16,-0.25,0.02,0.37
1660976820,binance,DGBUSDT,0.0027,-0.13,0.16,-0.19,0.03,0.37
1660976880,binance,DGBUSDT,-0.0064,-0.13,0.16,-0.36,0.02,0.38
1660976940,binance,DGBUSDT,0.0083,-0.13,0.16,-0.17,0.03,0.39
1660977000,binance,DGBUSDT,-0.0082,-0.13,0.16,-0.39,0.02,0.41
1660977060,binance,DGBUSDT,-0.0028,-0.13,0.16,-0.47,0.02,0.41
1660977120,binance,DGBUSDT,0.0000,-0.13,0.16,-0.48,0.02,0.41
1660977180,binance,DGBUSDT,0.0009,-0.13,0.16,-0.47,0.02,0.41
1660977240,binance,DGBUSDT,-0.0009,-0.13,0.16,-0.50,0.02,0.44
1660977300,binance,DGBUSDT,0.0018,-0.13,0.16,-0.46,0.02,0.44
1660977360,binance,DGBUSDT,0.0009,-0.13,0.16,-0.45,0.02,0.44
1660977420,binance,DGBUSDT,0.0009,-0.13,0.16,-0.44,0.02,0.43
1660977480,binance,DGBUSDT,-0.0046,-0.13,0.16,-0.57,0.02,0.45
1660977540,binance,DGBUSDT,-0.0065,-0.14,0.16,-0.75,0.01,0.45
1660977600,binance,DGBUSDT,0.0019,-0.14,0.16,-0.70,0.01,0.45
1660977660,binance,DGBUSDT,0.0046,-0.14,0.16,-0.58,0.02,0.45
1660977720,binance,DGBUSDT,0.0000,-0.14,0.16,-0.59,0.02,0.44
1660977780,binance,DGBUSDT,0.0000,-0.14,0.16,-0.59,0.02,0.44
1660977840,binance,DGBUSDT,-0.0046,-0.14,0.16,-0.72,0.01,0.47
1660977900,binance,DGBUSDT,0.0037,-0.14,0.15,-0.62,0.02,0.46
1660977960,binance,DGBUSDT,0.0028,-0.14,0.15,-0.55,0.02,0.46
1660978020,binance,DGBUSDT,-0.0018,-0.14,0.14,-0.60,0.02,0.42
1660978080,binance,DGBUSDT,0.0018,-0.14,0.14,-0.54,0.02,0.39
1660978140,binance,DGBUSDT,-0.0028,-0.14,0.14,-0.61,0.02,0.39
1660978200,binance,DGBUSDT,0.0037,-0.14,0.14,-0.50,0.02,0.19
1660978260,binance,DGBUSDT,0.0009,-0.14,0.14,-0.47,0.02,0.20
1660978320,binance,DGBUSDT,0.0000,-0.14,0.14,-0.46,0.02,0.22
1660978380,binance,DGBUSDT,-0.0037,-0.14,0.13,-0.55,0.02,0.26
1660978440,binance,DGBUSDT,0.0028,-0.14,0.13,-0.47,0.02,0.37
1660978500,binance,DGBUSDT,-0.0009,-0.14,0.12,-0.48,0.02,0.41
1660978560,binance,DGBUSDT,0.0009,-0.14,0.12,-0.43,0.02,0.40
1660978620,binance,DGBUSDT,0.0018,-0.14,0.07,-0.37,0.02,0.41
1660978680,binance,DGBUSDT,0.0018,-0.14,0.06,-0.28,0.02,0.36
1660978740,binance,DGBUSDT,0.0018,-0.14,0.06,-0.19,0.03,0.40
1660978800,binance,DGBUSDT,0.0027,-0.14,0.02,-0.06,0.03,0.40
1660978860,binance,DGBUSDT,0.0000,-0.11,0.02,0.07,0.03,0.40
1660978920,binance,DGBUSDT,-0.0018,-0.09,0.02,0.15,0.03,0.42
1660978980,binance,DGBUSDT,-0.0027,-0.06,0.02,0.18,0.02,0.40
1660979040,binance,DGBUSDT,0.0000,-0.02,0.02,0.66,0.02,0.40
1660979100,binance,DGBUSDT,0.0000,-0.02,0.02,0.77,0.02,0.41
1660979160,binance,DGBUSDT,-0.0009,-0.02,0.02,0.57,0.02,0.44
1660979220,binance,DGBUSDT,0.0009,-0.02,0.02,0.84,0.02,0.45
1660979280,binance,DGBUSDT,-0.0018,-0.02,0.02,0.38,0.02,0.50
1660979340,binance,DGBUSDT,0.0028,-0.01,0.02,1.13,0.02,0.50
1660979400,binance,DGBUSDT,0.0000,-0.01,0.02,1.09,0.02,0.48
1660979460,binance,DGBUSDT,0.0037,-0.01,0.02,1.87,0.03,0.49
1660979520,binance,DGBUSDT,-0.0009,-0.01,0.02,1.55,0.03,0.51
1660979580,binance,DGBUSDT,-0.0027,-0.01,0.02,0.86,0.02,0.53
1660979640,binance,DGBUSDT,0.0000,-0.01,0.02,0.82,0.02,0.52
1660979700,binance,DGBUSDT,-0.0018,-0.01,0.02,0.38,0.02,0.52
1660979760,binance,DGBUSDT,-0.0027,-0.01,0.02,-0.25,0.02,0.51
1660979820,binance,DGBUSDT,0.0000,-0.01,0.02,-0.24,0.02,0.51
1660979880,binance,DGBUSDT,-0.0046,-0.01,0.02,-1.27,0.01,0.49
1660979940,binance,DGBUSDT,0.0000,-0.01,0.02,-1.37,0.01,0.47
1660980000,binance,DGBUSDT,0.0009,-0.01,0.02,-1.21,0.02,0.47
1660980060,binance,DGBUSDT,0.0000,-0.01,0.02,-1.20,0.02,0.47
1660980120,binance,DGBUSDT,-0.0009,-0.01,0.02,-1.40,0.01,0.50
1660980180,binance,DGBUSDT,0.0037,-0.01,0.02,-0.52,0.02,0.51
1660980240,binance,DGBUSDT,-0.0009,-0.01,0.01,-0.82,0.02,0.51
1660980300,binance,DGBUSDT,0.0009,-0.01,0.01,-0.61,0.02,0.51
1660980360,binance,DGBUSDT,0.0000,-0.01,0.01,-0.61,0.02,0.52
1660980420,binance,DGBUSDT,-0.0009,-0.01,0.01,-0.86,0.02,0.53
1660980480,binance,DGBUSDT,0.0028,-0.01,0.01,-0.14,0.02,0.55
1660980540,binance,DGBUSDT,-0.0009,-0.01,0.01,-0.42,0.02,0.55
1660980600,binance,DGBUSDT,0.0028,-0.01,0.01,0.31,0.02,0.56
1660980660,binance,DGBUSDT,-0.0018,-0.01,0.01,-0.19,0.02,0.56
1660980720,binance,DGBUSDT,0.0009,-0.01,0.01,0.06,0.02,0.55
1660980780,binance,DGBUSDT,0.0018,-0.01,0.01,0.52,0.02,0.55
1660980840,binance,DGBUSDT,-0.0018,-0.01,0.01,0.00,0.02,0.55
1660980900,binance,DGBUSDT,0.0009,-0.01,0.01,0.23,0.02,0.52
1660980960,binance,DGBUSDT,-0.0009,-0.01,0.01,-0.04,0.02,0.55
1660981020,binance,DGBUSDT,0.0009,-0.01,0.01,0.21,0.02,0.53
1660981080,binance,DGBUSDT,0.0000,-0.01,0.01,0.22,0.02,0.52
1660981140,binance,DGBUSDT,0.0037,-0.01,0.01,1.24,0.03,0.54
1660981200,binance,DGBUSDT,0.0000,-0.01,0.01,1.28,0.03,0.52
1660981260,binance,DGBUSDT,-0.0009,-0.01,0.01,1.07,0.03,0.52
1660981320,binance,DGBUSDT,-0.0018,-0.01,0.01,0.56,0.02,0.53
1660981380,binance,DGBUSDT,-0.0027,-0.01,0.01,-0.25,0.02,0.52
1660981440,binance,DGBUSDT,0.0009,-0.01,0.01,0.04,0.02,0.51
1660981500,binance,DGBUSDT,0.0009,-0.01,0.01,0.33,0.02,0.51
1660981560,binance,DGBUSDT,0.0000,-0.01,0.01,0.33,0.02,0.51
1660981620,binance,DGBUSDT,-0.0018,-0.01,0.01,-0.21,0.02,0.55
1660981680,binance,DGBUSDT,0.0000,-0.01,0.01,-0.20,0.02,0.55
1660981740,binance,DGBUSDT,0.0037,-0.01,0.01,0.92,0.02,0.58
1660981800,binance,DGBUSDT,0.0000,-0.01,0.01,0.92,0.02,0.58
1660981860,binance,DGBUSDT,0.0009,-0.01,0.01,1.27,0.03,0.57
1660981920,binance,DGBUSDT,0.0000,-0.01,0.01,1.31,0.03,0.55
1660981980,binance,DGBUSDT,0.0000,-0.01,0.01,1.29,0.03,0.54
1660982040,binance,DGBUSDT,0.0000,-0.01,0.01,1.28,0.03,0.55
1660982100,binance,DGBUSDT,0.0000,-0.01,0.01,1.23,0.03,0.55
1660982160,binance,DGBUSDT,-0.0018,-0.01,0.01,0.63,0.02,0.53
1660982220,binance,DGBUSDT,0.0000,-0.01,0.01,0.60,0.02,0.52
1660982280,binance,DGBUSDT,0.0037,-0.01,0.01,1.68,0.03,0.53
1660982340,binance,DGBUSDT,0.0009,-0.01,0.01,1.89,0.03,0.50
1660982400,binance,DGBUSDT,0.0009,-0.01,0.01,2.07,0.03,0.50
1660982460,binance,DGBUSDT,0.0000,-0.01,0.01,1.98,0.03,0.51
1660982520,binance,DGBUSDT,0.0000,-0.01,0.01,1.93,0.03,0.51
1660982580,binance,DGBUSDT,0.0009,-0.01,0.01,2.08,0.03,0.50
1660982640,binance,DGBUSDT,-0.0109,-0.01,0.01,-1.50,0.02,0.37
1660982700,binance,DGBUSDT,-0.0018,-0.01,0.01,-2.02,0.02,0.36
1660982760,binance,DGBUSDT,0.0018,-0.01,0.01,-1.44,0.02,0.37
1660982820,binance,DGBUSDT,0.0000,-0.01,0.01,-1.47,0.02,0.37
1660982880,binance,DGBUSDT,-0.0018,-0.01,0.01,-1.94,0.02,0.35
1660982940,binance,DGBUSDT,0.0018,-0.01,0.01,-1.36,0.02,0.36
1660983000,binance,DGBUSDT,0.0009,-0.01,0.01,-1.04,0.02,0.33
1660983060,binance,DGBUSDT,0.0000,-0.01,0.01,-1.03,0.02,0.31
1660983120,binance,DGBUSDT,0.0000,-0.01,0.01,-1.01,0.02,0.30
1660983180,binance,DGBUSDT,0.0000,-0.01,0.01,-0.97,0.02,0.31
1660983240,binance,DGBUSDT,-0.0009,-0.01,0.01,-1.19,0.02,0.35
1660983300,binance,DGBUSDT,0.0009,-0.01,0.01,-0.90,0.02,0.34
1660983360,binance,DGBUSDT,0.0000,-0.01,0.01,-0.88,0.02,0.32
1660983420,binance,DGBUSDT,-0.0009,-0.01,0.01,-1.10,0.02,0.35
1660983480,binance,DGBUSDT,0.0000,-0.01,0.01,-1.05,0.02,0.32
1660983540,binance,DGBUSDT,0.0009,-0.01,0.01,-0.76,0.02,0.31
1660983600,binance,DGBUSDT,0.0000,-0.01,0.01,-0.72,0.02,0.32
1660983660,binance,DGBUSDT,0.0000,-0.01,0.01,-0.69,0.02,0.32
1660983720,binance,DGBUSDT,0.0000,-0.01,0.01,-0.66,0.02,0.32
1660983780,binance,DGBUSDT,0.0000,-0.01,0.01,-0.65,0.02,0.32
1660983840,binance,DGBUSDT,0.0000,-0.01,0.01,-0.63,0.02,0.32
1660983900,binance,DGBUSDT,0.0000,-0.01,0.01,-0.61,0.02,0.30
1660983960,binance,DGBUSDT,0.0000,-0.01,0.01,-0.59,0.02,0.30
1660984020,binance,DGBUSDT,0.0000,-0.01,0.01,-0.58,0.02,0.26
1660984080,binance,DGBUSDT,0.0000,-0.01,0.01,-0.58,0.02,0.26
1660984140,binance,DGBUSDT,0.0000,-0.01,0.01,-0.55,0.02,0.27
1660984200,binance,DGBUSDT,0.0000,-0.01,0.01,-0.52,0.02,0.27
1660984260,binance,DGBUSDT,-0.0009,-0.01,0.01,-0.73,0.02,0.30
1660984320,binance,DGBUSDT,0.0000,-0.01,0.01,-0.69,0.02,0.31
1660984380,binance,DGBUSDT,0.0018,-0.01,0.01,-0.15,0.02,0.52
1660984440,binance,DGBUSDT,0.0009,-0.01,0.01,0.13,0.02,0.53
1660984500,binance,DGBUSDT,0.0000,-0.01,0.01,0.16,0.02,0.52
1660984560,binance,DGBUSDT,-0.0009,-0.01,0.01,-0.09,0.02,0.53
1660984620,binance,DGBUSDT,0.0000,-0.01,0.00,-0.07,0.02,0.57
1660984680,binance,DGBUSDT,0.0000,-0.01,0.00,-0.02,0.02,0.55
1660984740,binance,DGBUSDT,0.0000,-0.01,0.00,0.04,0.02,0.56
1660984800,binance,DGBUSDT,0.0000,-0.01,0.00,0.12,0.02,0.56
1660984860,binance,DGBUSDT,0.0009,-0.01,0.00,0.60,0.02,0.55
1660984920,binance,DGBUSDT,-0.0009,-0.01,0.00,0.38,0.02,0.55
1660984980,binance,DGBUSDT,0.0018,-0.00,0.01,2.51,0.02,0.57
1660985040,binance,DGBUSDT,-0.0009,-0.00,0.01,1.56,0.02,0.58
1660985100,binance,DGBUSDT,-0.0009,-0.00,0.01,0.72,0.02,0.58
1660985160,binance,DGBUSDT,0.0000,-0.00,0.01,0.68,0.02,0.58
1660985220,binance,DGBUSDT,0.0000,-0.00,0.01,0.64,0.02,0.58
1660985280,binance,DGBUSDT,0.0000,-0.00,0.00,0.63,0.02,0.60
1660985340,binance,DGBUSDT,0.0000,-0.00,0.00,0.59,0.02,0.60
1660985400,binance,DGBUSDT,0.0000,-0.00,0.00,0.56,0.02,0.60
1660985460,binance,DGBUSDT,0.0009,-0.00,0.00,1.54,0.02,0.58
1660985520,binance,DGBUSDT,-0.0009,-0.00,0.00,0.47,0.02,0.58
1660985580,binance,DGBUSDT,0.0000,-0.00,0.00,0.44,0.02,0.58
1660985640,binance,DGBUSDT,-0.0009,-0.00,0.00,-0.65,0.02,0.58
1660985700,binance,DGBUSDT,0.0000,-0.00,0.00,-0.65,0.02,0.58
1660985760,binance,DGBUSDT,0.0028,-0.00,0.00,2.33,0.02,0.63
1660985820,binance,DGBUSDT,-0.0018,-0.00,0.00,0.29,0.02,0.60
1660985880,binance,DGBUSDT,0.0000,-0.00,0.00,0.24,0.02,0.60
1660985940,binance,DGBUSDT,0.0000,-0.00,0.00,0.22,0.02,0.60
1660986000,binance,DGBUSDT,-0.0018,-0.00,0.00,-1.87,0.02,0.57
1660986060,binance,DGBUSDT,0.0000,-0.00,0.00,-1.78,0.02,0.57
1660986120,binance,DGBUSDT,0.0000,-0.00,0.00,-1.70,0.02,0.56
1660986180,binance,DGBUSDT,-0.0009,-0.00,0.00,-2.44,0.02,0.59
1660986240,binance,DGBUSDT,0.0000,-0.00,0.00,-2.24,0.02,0.59
1660986300,binance,DGBUSDT,-0.0037,-0.01,0.00,-4.13,0.01,0.53
1660986360,binance,DGBUSDT,0.0000,-0.01,0.00,-3.38,0.01,0.53
1660986420,binance,DGBUSDT,0.0000,-0.01,0.00,-2.91,0.01,0.53
1660986480,binance,DGBUSDT,0.0009,-0.01,0.00,-2.22,0.01,0.51
1660986540,binance,DGBUSDT,0.0000,-0.01,0.00,-2.04,0.01,0.51
1660986600,binance,DGBUSDT,0.0000,-0.01,0.00,-1.89,0.01,0.53
1660986660,binance,DGBUSDT,-0.0018,-0.01,0.00,-2.42,0.01,0.51
1660986720,binance,DGBUSDT,0.0000,-0.01,0.00,-2.21,0.01,0.50
1660986780,binance,DGBUSDT,-0.0019,-0.01,0.00,-2.56,0.01,0.48
1660986840,binance,DGBUSDT,0.0019,-0.01,0.00,-1.80,0.01,0.48
1660986900,binance,DGBUSDT,0.0019,-0.01,0.00,-1.14,0.01,0.49
1660986960,binance,DGBUSDT,0.0009,-0.01,0.00,-0.81,0.02,0.47
1660987020,binance,DGBUSDT,-0.0009,-0.01,0.00,-1.05,0.01,0.48
1660987080,binance,DGBUSDT,-0.0009,-0.01,0.00,-1.27,0.01,0.50
1660987140,binance,DGBUSDT,0.0009,-0.01,0.00,-0.94,0.01,0.48
1660987200,binance,DGBUSDT,0.0000,-0.01,0.00,-0.89,0.01,0.50
1660987260,binance,DGBUSDT,-0.0009,-0.01,0.00,-1.12,0.01,0.50
1660987320,binance,DGBUSDT,0.0009,-0.01,0.00,-0.79,0.01,0.48
1660987380,binance,DGBUSDT,0.0009,-0.01,0.00,-0.47,0.02,0.46
1660987440,binance,DGBUSDT,0.0000,-0.01,0.00,-0.43,0.02,0.46
1660987500,binance,DGBUSDT,-0.0009,-0.01,0.00,-0.69,0.01,0.43
1660987560,binance,DGBUSDT,0.0018,-0.01,0.01,-0.05,0.02,0.45
1660987620,binance,DGBUSDT,0.0009,-0.01,0.01,0.28,0.02,0.45
1660987680,binance,DGBUSDT,-0.0018,-0.01,0.01,-0.31,0.02,0.44
1660987740,binance,DGBUSDT,0.0000,-0.01,0.01,-0.28,0.02,0.44
1660987800,binance,DGBUSDT,0.0000,-0.01,0.01,-0.24,0.02,0.44
1660987860,binance,DGBUSDT,0.0000,-0.01,0.01,-0.20,0.02,0.44
1660987920,binance,DGBUSDT,0.0000,-0.01,0.01,-0.16,0.02,0.43
1660987980,binance,DGBUSDT,-0.0009,-0.01,0.01,-0.49,0.01,0.44
1660988040,binance,DGBUSDT,0.0018,-0.01,0.01,0.30,0.02,0.50
1660988100,binance,DGBUSDT,0.0000,-0.01,0.01,0.34,0.02,0.50
1660988160,binance,DGBUSDT,0.0000,-0.01,0.01,0.44,0.02,0.50
1660988220,binance,DGBUSDT,0.0000,-0.01,0.01,0.52,0.02,0.51
1660988280,binance,DGBUSDT,-0.0009,-0.01,0.01,0.12,0.02,0.52
1660988340,binance,DGBUSDT,-0.0009,-0.01,0.01,-0.35,0.01,0.53
1660988400,binance,DGBUSDT,0.0000,-0.01,0.01,-0.31,0.01,0.54
1660988460,binance,DGBUSDT,-0.0009,-0.01,0.01,-0.88,0.01,0.55
1660988520,binance,DGBUSDT,0.0000,-0.01,0.01,-0.85,0.01,0.57
1660988580,binance,DGBUSDT,0.0000,-0.01,0.01,-0.81,0.01,0.55
1660988640,binance,DGBUSDT,0.0000,-0.00,0.01,-0.78,0.01,0.54
1660988700,binance,DGBUSDT,0.0000,-0.00,0.01,-0.78,0.01,0.55
1660988760,binance,DGBUSDT,-0.0009,-0.00,0.01,-1.45,0.01,0.55
1660988820,binance,DGBUSDT,0.0000,-0.00,0.01,-1.41,0.01,0.54
1660988880,binance,DGBUSDT,0.0000,-0.00,0.01,-1.34,0.01,0.55
1660988940,binance,DGBUSDT,0.0028,-0.00,0.01,0.67,0.02,0.60
1660989000,binance,DGBUSDT,-0.0009,-0.00,0.01,0.00,0.01,0.60
1660989060,binance,DGBUSDT,0.0000,-0.00,0.01,-0.03,0.01,0.62
1660989120,binance,DGBUSDT,-0.0009,-0.00,0.01,-0.76,0.01,0.64
1660989180,binance,DGBUSDT,-0.0018,-0.01,0.00,-2.29,0.01,0.63
1660989240,binance,DGBUSDT,0.0009,-0.01,0.00,-1.55,0.01,0.60
1660989300,binance,DGBUSDT,0.0000,-0.01,0.00,-1.47,0.01,0.59
1660989360,binance,DGBUSDT,-0.0009,-0.01,0.00,-2.01,0.01,0.63
1660989420,binance,DGBUSDT,0.0000,-0.01,0.00,-1.87,0.01,0.64
1660989480,binance,DGBUSDT,-0.0009,-0.01,0.00,-2.30,0.01,0.65
1660989540,binance,DGBUSDT,0.0009,-0.01,0.00,-1.59,0.01,0.61
1660989600,binance,DGBUSDT,0.0000,-0.01,0.00,-1.50,0.01,0.61
1660989660,binance,DGBUSDT,0.0000,-0.01,0.00,-1.44,0.01,0.61
1660989720,binance,DGBUSDT,0.0000,-0.01,0.00,-1.36,0.01,0.61
1660989780,binance,DGBUSDT,0.0009,-0.01,0.00,-0.78,0.01,0.57
1660989840,binance,DGBUSDT,0.0000,-0.01,0.00,-0.74,0.01,0.57
1660989900,binance,DGBUSDT,0.0000,-0.01,0.00,-0.71,0.01,0.57
1660989960,binance,DGBUSDT,-0.0009,-0.01,0.00,-1.19,0.01,0.58
1660990020,binance,DGBUSDT,0.0000,-0.01,0.00,-1.16,0.01,0.57
1660990080,binance,DGBUSDT,-0.0009,-0.01,0.00,-1.62,0.01,0.57
1660990140,binance,DGBUSDT,-0.0028,-0.01,0.00,-2.86,0.00,0.54
1660990200,binance,DGBUSDT,0.0009,-0.01,0.00,-2.17,0.00,0.51
1660990260,binance,DGBUSDT,0.0000,-0.01,0.00,-2.01,0.00,0.51
1660990320,binance,DGBUSDT,0.0000,-0.01,0.00,-1.87,0.01,0.51
1660990380,binance,DGBUSDT,0.0046,-0.01,0.01,0.37,0.01,0.60
1660990440,binance,DGBUSDT,0.0018,-0.01,0.01,1.30,0.01,0.60
1660990500,binance,DGBUSDT,0.0000,-0.01,0.01,1.34,0.01,0.59
1660990560,binance,DGBUSDT,-0.0028,-0.01,0.01,-0.01,0.01,0.56
1660990620,binance,DGBUSDT,0.0000,-0.01,0.01,0.04,0.01,0.56
1660990680,binance,DGBUSDT,0.0000,-0.01,0.01,0.08,0.01,0.54
1660990740,binance,DGBUSDT,0.0000,-0.01,0.01,0.11,0.01,0.53
1660990800,binance,DGBUSDT,-0.0009,-0.01,0.01,-0.40,0.01,0.54
1660990860,binance,DGBUSDT,0.0000,-0.01,0.01,-0.37,0.01,0.53
1660990920,binance,DGBUSDT,0.0009,-0.01,0.01,0.19,0.01,0.52
1660990980,binance,DGBUSDT,0.0000,-0.01,0.01,0.21,0.01,0.54
1660991040,binance,DGBUSDT,0.0000,-0.01,0.01,0.22,0.01,0.54
1660991100,binance,DGBUSDT,0.0000,-0.01,0.01,0.24,0.01,0.52
1660991160,binance,DGBUSDT,-0.0009,-0.01,0.01,-0.31,0.01,0.54
1660991220,binance,DGBUSDT,0.0019,-0.01,0.01,0.80,0.02,0.53
1660991280,binance,DGBUSDT,0.0009,-0.01,0.01,1.30,0.02,0.53
1660991340,binance,DGBUSDT,-0.0009,-0.01,0.01,0.81,0.02,0.54
1660991400,binance,DGBUSDT,0.0000,-0.01,0.01,0.84,0.02,0.54
1660991460,binance,DGBUSDT,0.0000,-0.01,0.01,0.87,0.02,0.54
1660991520,binance,DGBUSDT,0.0000,-0.00,0.01,0.87,0.02,0.56
1660991580,binance,DGBUSDT,-0.0009,-0.00,0.01,0.27,0.02,0.57
1660991640,binance,DGBUSDT,0.0019,-0.00,0.01,1.38,0.02,0.57
1660991700,binance,DGBUSDT,0.0000,-0.00,0.01,1.32,0.02,0.56
1660991760,binance,DGBUSDT,-0.0009,-0.00,0.01,0.73,0.02,0.57
1660991820,binance,DGBUSDT,-0.0009,-0.00,0.01,0.15,0.02,0.57
1660991880,binance,DGBUSDT,-0.0037,-0.01,0.01,-1.98,0.01,0.55
1660991940,binance,DGBUSDT,0.0028,-0.01,0.01,-0.36,0.01,0.59
1660992000,binance,DGBUSDT,0.0000,-0.01,0.01,-0.36,0.01,0.59
1660992060,binance,DGBUSDT,0.0000,-0.01,0.01,-0.36,0.01,0.59
1660992120,binance,DGBUSDT,0.0000,-0.01,0.01,-0.36,0.01,0.53
1660992180,binance,DGBUSDT,0.0000,-0.01,0.01,-0.35,0.01,0.53
1660992240,binance,DGBUSDT,0.0009,-0.01,0.01,0.19,0.01,0.51
1660992300,binance,DGBUSDT,0.0000,-0.01,0.01,0.19,0.01,0.54
1660992360,binance,DGBUSDT,-0.0009,-0.01,0.01,-0.35,0.01,0.55
1660992420,binance,DGBUSDT,0.0009,-0.01,0.01,0.17,0.01,0.53
1660992480,binance,DGBUSDT,0.0019,-0.01,0.01,1.19,0.02,0.54
1660992540,binance,DGBUSDT,-0.0009,-0.01,0.01,0.63,0.02,0.54
1660992600,binance,DGBUSDT,-0.0009,-0.01,0.01,-0.02,0.01,0.55
1660992660,binance,DGBUSDT,0.0000,-0.01,0.01,-0.09,0.01,0.56
1660992720,binance,DGBUSDT,0.0000,-0.01,0.01,-0.17,0.01,0.56
1660992780,binance,DGBUSDT,0.0046,-0.01,0.01,3.13,0.02,0.61
1660992840,binance,DGBUSDT,0.0000,-0.01,0.01,2.87,0.02,0.61
1660992900,binance,DGBUSDT,0.0000,-0.01,0.01,2.66,0.01,0.61
1660992960,binance,DGBUSDT,0.0009,-0.01,0.01,2.81,0.01,0.59
1660993020,binance,DGBUSDT,0.0000,-0.01,0.01,2.50,0.01,0.61
1660993080,binance,DGBUSDT,-0.0018,-0.01,0.01,1.46,0.01,0.59
1660993140,binance,DGBUSDT,0.0000,-0.01,0.01,1.38,0.01,0.59
1660993200,binance,DGBUSDT,0.0000,-0.01,0.01,1.31,0.01,0.59
1660993260,binance,DGBUSDT,-0.0018,-0.01,0.01,0.39,0.01,0.58
1660993320,binance,DGBUSDT,0.0028,-0.01,0.01,1.63,0.01,0.58
1660993380,binance,DGBUSDT,-0.0009,-0.01,0.01,1.13,0.01,0.60
1660993440,binance,DGBUSDT,0.0000,-0.01,0.01,1.08,0.01,0.60
1660993500,binance,DGBUSDT,0.0000,-0.01,0.01,1.03,0.02,0.59
1660993560,binance,DGBUSDT,-0.0009,-0.01,0.01,0.57,0.01,0.59
1660993620,binance,DGBUSDT,0.0000,-0.01,0.01,0.55,0.01,0.64
1660993680,binance,DGBUSDT,0.0000,-0.01,0.01,0.54,0.01,0.63
1660993740,binance,DGBUSDT,0.0009,-0.01,0.01,0.92,0.02,0.61
1660993800,binance,DGBUSDT,0.0000,-0.01,0.01,0.88,0.02,0.61
1660993860,binance,DGBUSDT,0.0000,-0.01,0.01,0.84,0.02,0.61
1660993920,binance,DGBUSDT,0.0000,-0.01,0.01,0.80,0.02,0.61
1660993980,binance,DGBUSDT,-0.0018,-0.01,0.01,-0.03,0.01,0.61
1660994040,binance,DGBUSDT,0.0000,-0.01,0.01,-0.03,0.01,0.61
1660994100,binance,DGBUSDT,0.0018,-0.00,0.01,0.76,0.02,0.60
1660994160,binance,DGBUSDT,0.0000,-0.00,0.01,0.73,0.01,0.62
1660994220,binance,DGBUSDT,0.0000,-0.00,0.01,0.69,0.02,0.63
1660994280,binance,DGBUSDT,0.0000,-0.00,0.01,0.67,0.01,0.62
1660994340,binance,DGBUSDT,0.0000,-0.00,0.01,0.63,0.01,0.60
1660994400,binance,DGBUSDT,0.0000,-0.00,0.01,0.59,0.01,0.60
1660994460,binance,DGBUSDT,-0.0009,-0.00,0.01,0.07,0.01,0.62
1660994520,binance,DGBUSDT,0.0000,-0.00,0.01,0.03,0.01,0.54
1660994580,binance,DGBUSDT,-0.0009,-0.00,0.01,-0.56,0.01,0.55
1660994640,binance,DGBUSDT,-0.0009,-0.00,0.01,-1.15,0.01,0.56
1660994700,binance,DGBUSDT,0.0000,-0.00,0.01,-1.19,0.01,0.59
1660994760,binance,DGBUSDT,0.0000,-0.00,0.01,-1.29,0.01,0.59
1660994820,binance,DGBUSDT,-0.0018,-0.01,0.01,-2.40,0.00,0.59
1660994880,binance,DGBUSDT,-0.0009,-0.01,0.01,-2.66,0.00,0.60
1660994940,binance,DGBUSDT,0.0037,-0.01,0.01,-0.55,0.01,0.65
1660995000,binance,DGBUSDT,0.0000,-0.01,0.01,-0.60,0.01,0.67
1660995060,binance,DGBUSDT,0.0009,-0.01,0.01,-0.09,0.01,0.62
1660995120,binance,DGBUSDT,0.0000,-0.01,0.00,-0.14,0.01,0.61
1660995180,binance,DGBUSDT,-0.0018,-0.01,0.00,-1.27,0.01,0.59
1660995240,binance,DGBUSDT,0.0000,-0.01,0.00,-1.21,0.01,0.59
1660995300,binance,DGBUSDT,0.0000,-0.01,0.00,-1.15,0.01,0.58
1660995360,binance,DGBUSDT,0.0000,-0.01,0.00,-1.11,0.01,0.58
1660995420,binance,DGBUSDT,0.0000,-0.01,0.00,-1.07,0.01,0.58
1660995480,binance,DGBUSDT,0.0009,-0.01,0.00,-0.40,0.01,0.58
1660995540,binance,DGBUSDT,0.0000,-0.01,0.00,-0.37,0.01,0.58
1660995600,binance,DGBUSDT,-0.0009,-0.01,0.00,-0.98,0.01,0.59
1660995660,binance,DGBUSDT,0.0000,-0.01,0.00,-0.95,0.01,0.59
1660995720,binance,DGBUSDT,0.0009,-0.01,0.00,-0.27,0.01,0.58
1660995780,binance,DGBUSDT,0.0009,-0.01,0.00,0.42,0.01,0.56
1660995840,binance,DGBUSDT,0.0000,-0.01,0.00,0.45,0.01,0.55
1660995900,binance,DGBUSDT,-0.0009,-0.01,0.00,-0.21,0.01,0.56
1660995960,binance,DGBUSDT,0.0000,-0.01,0.00,-0.19,0.01,0.56
1660996020,binance,DGBUSDT,0.0009,-0.01,0.00,0.51,0.01,0.55
1660996080,binance,DGBUSDT,0.0000,-0.01,0.00,0.51,0.01,0.55
1660996140,binance,DGBUSDT,0.0000,-0.01,0.00,0.53,0.01,0.55
1660996200,binance,DGBUSDT,0.0000,-0.01,0.00,0.56,0.01,0.54
1660996260,binance,DGBUSDT,0.0000,-0.01,0.00,0.59,0.01,0.54
1660996320,binance,DGBUSDT,0.0000,-0.01,0.00,0.62,0.01,0.53
1660996380,binance,DGBUSDT,0.0000,-0.01,0.00,0.60,0.01,0.52
1660996440,binance,DGBUSDT,-0.0028,-0.01,0.00,-1.55,0.01,0.47
1660996500,binance,DGBUSDT,0.0000,-0.01,0.00,-1.47,0.01,0.47
1660996560,binance,DGBUSDT,-0.0009,-0.01,0.00,-2.03,0.01,0.50
1660996620,binance,DGBUSDT,0.0000,-0.01,0.00,-1.90,0.00,0.48
1660996680,binance,DGBUSDT,-0.0009,-0.01,0.00,-2.36,0.00,0.40
1660996740,binance,DGBUSDT,-0.0009,-0.01,0.00,-2.69,0.00,0.41
1660996800,binance,DGBUSDT,-0.0009,-0.01,0.00,-2.89,-0.00,0.42
1660996860,binance,DGBUSDT,0.0009,-0.01,0.00,-2.14,0.00,0.42
1660996920,binance,DGBUSDT,0.0000,-0.01,0.00,-1.98,0.00,0.44
1660996980,binance,DGBUSDT,0.0000,-0.01,0.00,-1.84,0.00,0.44
1660997040,binance,DGBUSDT,0.0009,-0.01,0.00,-1.30,-0.00,0.44
1660997100,binance,DGBUSDT,0.0000,-0.01,0.00,-1.24,-0.00,0.44
1660997160,binance,DGBUSDT,-0.0019,-0.01,0.00,-1.98,-0.01,0.42
1660997220,binance,DGBUSDT,0.0000,-0.01,0.00,-1.87,-0.02,0.42
1660997280,binance,DGBUSDT,0.0000,-0.01,0.00,-1.79,-0.02,0.42
1660997340,binance,DGBUSDT,0.0000,-0.01,0.00,-1.68,-0.02,0.41
1660997400,binance,DGBUSDT,-0.0009,-0.01,0.00,-1.91,-0.02,0.42
1660997460,binance,DGBUSDT,0.0028,-0.01,0.00,-0.75,-0.02,0.51
1660997520,binance,DGBUSDT,0.0000,-0.01,0.00,-0.71,-0.02,0.52
1660997580,binance,DGBUSDT,-0.0009,-0.01,0.00,-1.04,-0.02,0.53
1660997640,binance,DGBUSDT,0.0000,-0.01,0.00,-0.99,-0.03,0.52
1660997700,binance,DGBUSDT,-0.0009,-0.01,0.00,-1.29,-0.04,0.53
1660997760,binance,DGBUSDT,0.0009,-0.01,0.00,-0.89,-0.04,0.53
1660997820,binance,DGBUSDT,-0.0009,-0.01,0.00,-1.19,-0.07,0.54
1660997880,binance,DGBUSDT,0.0000,-0.01,0.00,-1.13,-0.09,0.54
1660997940,binance,DGBUSDT,-0.0046,-0.01,0.00,-2.58,-0.09,0.48
1660998000,binance,DGBUSDT,0.0009,-0.01,0.00,-2.07,-0.14,0.46
1660998060,binance,DGBUSDT,-0.0009,-0.01,0.00,-2.17,-0.12,0.47
1660998120,binance,DGBUSDT,0.0000,-0.01,0.00,-2.00,-0.09,0.47
1660998180,binance,DGBUSDT,0.0028,-0.01,0.00,-1.11,-0.06,0.53
1660998240,binance,DGBUSDT,0.0000,-0.01,0.00,-1.06,-0.02,0.53
1660998300,binance,DGBUSDT,0.0000,-0.01,0.00,-1.01,-0.02,0.53
1660998360,binance,DGBUSDT,0.0000,-0.01,0.00,-0.96,-0.02,0.53
1660998420,binance,DGBUSDT,0.0037,-0.01,0.01,0.25,-0.01,0.56
1660998480,binance,DGBUSDT,0.0000,-0.01,0.01,0.30,-0.02,0.55
1660998540,binance,DGBUSDT,0.0000,-0.01,0.01,0.35,-0.01,0.54
1660998600,binance,DGBUSDT,0.0000,-0.01,0.01,0.42,-0.01,0.56
1660998660,binance,DGBUSDT,-0.0009,-0.01,0.01,0.13,-0.01,0.57
1660998720,binance,DGBUSDT,0.0019,-0.01,0.01,0.97,-0.01,0.57
1660998780,binance,DGBUSDT,0.0009,-0.01,0.01,1.49,-0.00,0.57
1660998840,binance,DGBUSDT,0.0009,-0.01,0.01,1.87,-0.01,0.55
1660998900,binance,DGBUSDT,-0.0009,-0.01,0.01,1.45,-0.01,0.57
1660998960,binance,DGBUSDT,0.0009,-0.01,0.01,1.79,-0.01,0.56
1660999020,binance,DGBUSDT,-0.0009,-0.01,0.01,1.36,-0.00,0.57
1660999080,binance,DGBUSDT,0.0000,-0.01,0.01,1.32,0.00,0.57
1660999140,binance,DGBUSDT,-0.0009,-0.01,0.01,0.90,0.00,0.57
1660999200,binance,DGBUSDT,0.0009,-0.01,0.01,1.22,-0.00,0.54
1660999260,binance,DGBUSDT,0.0000,-0.01,0.01,1.17,-0.00,0.54
1660999320,binance,DGBUSDT,0.0000,-0.01,0.01,1.13,-0.00,0.53
1660999380,binance,DGBUSDT,-0.0009,-0.01,0.01,0.74,0.00,0.54
1660999440,binance,DGBUSDT,-0.0019,-0.01,0.01,0.02,-0.01,0.52
1660999500,binance,DGBUSDT,0.0019,-0.01,0.01,0.73,-0.01,0.53
1660999560,binance,DGBUSDT,0.0000,-0.01,0.01,0.70,-0.00,0.52
1660999620,binance,DGBUSDT,-0.0019,-0.01,0.01,-0.03,-0.01,0.52
1660999680,binance,DGBUSDT,0.0000,-0.01,0.01,-0.04,-0.01,0.59
1660999740,binance,DGBUSDT,0.0000,-0.01,0.01,-0.05,-0.01,0.60
1660999800,binance,DGBUSDT,0.0000,-0.01,0.01,-0.06,-0.01,0.59
1660999860,binance,DGBUSDT,0.0000,-0.01,0.01,-0.05,-0.01,0.59
1660999920,binance,DGBUSDT,0.0009,-0.01,0.01,0.31,-0.01,0.56
1660999980,binance,DGBUSDT,0.0000,-0.01,0.01,0.30,-0.01,0.56
1661000040,binance,DGBUSDT,-0.0019,-0.01,0.01,-0.42,-0.01,0.54
1661000100,binance,DGBUSDT,-0.0019,-0.01,0.01,-1.11,-0.01,0.53
1661000160,binance,DGBUSDT,0.0000,-0.01,0.01,-1.07,-0.01,0.47
1661000220,binance,DGBUSDT,0.0000,-0.01,0.01,-1.04,-0.02,0.47
1661000280,binance,DGBUSDT,0.0000,-0.01,0.01,-1.01,-0.02,0.47
1661000340,binance,DGBUSDT,-0.0009,-0.01,0.01,-1.42,-0.02,0.48
1661000400,binance,DGBUSDT,0.0009,-0.01,0.01,-1.11,-0.02,0.46
1661000460,binance,DGBUSDT,0.0009,-0.01,0.01,-0.83,-0.02,0.44
1661000520,binance,DGBUSDT,0.0000,-0.01,0.01,-0.93,-0.01,0.44
1661000580,binance,DGBUSDT,-0.0009,-0.01,0.01,-1.34,-0.02,0.45
1661000640,binance,DGBUSDT,0.0000,-0.01,0.01,-1.34,-0.02,0.45
1661000700,binance,DGBUSDT,0.0019,-0.01,0.01,-0.54,-0.01,0.48
1661000760,binance,DGBUSDT,0.0000,-0.01,0.00,-0.58,-0.01,0.47
1661000820,binance,DGBUSDT,0.0000,-0.01,0.00,-0.55,-0.01,0.47
1661000880,binance,DGBUSDT,-0.0009,-0.01,0.00,-0.94,-0.02,0.47
1661000940,binance,DGBUSDT,0.0000,-0.01,0.00,-0.90,-0.02,0.48
1661001000,binance,DGBUSDT,0.0000,-0.01,0.00,-0.86,-0.02,0.48
1661001060,binance,DGBUSDT,-0.0009,-0.01,0.00,-1.23,-0.02,0.49
1661001120,binance,DGBUSDT,0.0000,-0.01,0.00,-1.17,-0.02,0.48
1661001180,binance,DGBUSDT,0.0009,-0.01,0.00,-0.72,-0.02,0.48
1661001240,binance,DGBUSDT,0.0000,-0.01,0.00,-0.68,-0.01,0.46
1661001300,binance,DGBUSDT,-0.0009,-0.01,0.00,-1.06,-0.01,0.47
1661001360,binance,DGBUSDT,0.0000,-0.01,0.00,-1.03,-0.01,0.48
1661001420,binance,DGBUSDT,0.0028,-0.01,0.00,0.39,-0.00,0.54
1661001480,binance,DGBUSDT,0.0000,-0.01,0.00,0.44,-0.00,0.54
1661001540,binance,DGBUSDT,-0.0046,-0.01,0.00,-1.90,-0.01,0.46
1661001600,binance,DGBUSDT,0.0019,-0.01,0.00,-0.90,-0.01,0.47
1661001660,binance,DGBUSDT,0.0000,-0.01,0.00,-0.87,-0.01,0.49
1661001720,binance,DGBUSDT,-0.0019,-0.01,0.00,-1.88,-0.01,0.48
1661001780,binance,DGBUSDT,0.0009,-0.01,0.00,-1.29,-0.01,0.47
1661001840,binance,DGBUSDT,-0.0009,-0.01,0.00,-1.73,-0.01,0.49
1661001900,binance,DGBUSDT,0.0009,-0.01,0.00,-1.15,-0.01,0.48
1661001960,binance,DGBUSDT,0.0000,-0.01,0.00,-1.13,-0.01,0.48
1661002020,binance,DGBUSDT,0.0019,-0.01,0.00,0.12,-0.01,0.49
1661002080,binance,DGBUSDT,0.0000,-0.01,0.00,0.16,-0.01,0.48
1661002140,binance,DGBUSDT,-0.0009,-0.01,0.00,-0.44,-0.01,0.50
1661002200,binance,DGBUSDT,-0.0009,-0.01,0.00,-1.05,-0.01,0.52
1661002260,binance,DGBUSDT,0.0009,-0.01,0.00,-0.34,-0.01,0.51
1661002320,binance,DGBUSDT,0.0000,-0.01,0.00,-0.30,-0.02,0.50
1661002380,binance,DGBUSDT,0.0000,-0.00,0.00,-0.25,-0.01,0.50
1661002440,binance,DGBUSDT,0.0009,-0.00,0.00,0.62,-0.01,0.48
1661002500,binance,DGBUSDT,0.0000,-0.00,0.00,0.59,-0.01,0.48
1661002560,binance,DGBUSDT,-0.0037,-0.01,0.00,-2.50,-0.02,0.44
1661002620,binance,DGBUSDT,0.0009,-0.01,0.00,-1.63,-0.02,0.42
1661002680,binance,DGBUSDT,-0.0009,-0.01,0.00,-2.17,-0.02,0.43
1661002740,binance,DGBUSDT,0.0009,-0.01,0.00,-1.42,-0.02,0.43
1661002800,binance,DGBUSDT,0.0000,-0.01,0.00,-1.36,-0.02,0.41
1661002860,binance,DGBUSDT,-0.0019,-0.01,0.00,-2.42,-0.02,0.41
1661002920,binance,DGBUSDT,0.0000,-0.01,0.00,-2.20,-0.02,0.42
1661002980,binance,DGBUSDT,0.0000,-0.01,0.00,-2.02,-0.02,0.42
1661003040,binance,DGBUSDT,0.0000,-0.01,0.00,-1.88,-0.02,0.41
1661003100,binance,DGBUSDT,0.0019,-0.01,0.00,-0.78,-0.02,0.41
1661003160,binance,DGBUSDT,0.0019,-0.01,0.00,0.31,-0.01,0.40
1661003220,binance,DGBUSDT,-0.0009,-0.01,0.00,-0.20,-0.01,0.41
1661003280,binance,DGBUSDT,0.0009,-0.01,0.00,0.38,-0.02,0.46
1661003340,binance,DGBUSDT,-0.0009,-0.01,0.00,-0.16,-0.02,0.46
1661003400,binance,DGBUSDT,0.0000,-0.01,0.00,-0.13,-0.02,0.46
1661003460,binance,DGBUSDT,0.0000,-0.01,0.00,-0.12,-0.02,0.46
1661003520,binance,DGBUSDT,0.0000,-0.01,0.00,-0.10,-0.02,0.47
1661003580,binance,DGBUSDT,0.0019,-0.01,0.00,1.06,-0.02,0.47
1661003640,binance,DGBUSDT,0.0019,-0.01,0.01,2.09,-0.01,0.49
1661003700,binance,DGBUSDT,0.0000,-0.01,0.01,1.95,-0.01,0.49
1661003760,binance,DGBUSDT,0.0000,-0.01,0.01,1.83,-0.01,0.48
1661003820,binance,DGBUSDT,0.0000,-0.01,0.01,1.83,-0.02,0.48
1661003880,binance,DGBUSDT,0.0000,-0.00,0.01,1.83,-0.02,0.46
1661003940,binance,DGBUSDT,0.0009,-0.00,0.01,2.13,-0.02,0.44
1661004000,binance,DGBUSDT,0.0019,-0.00,0.01,2.71,-0.02,0.45
1661004060,binance,DGBUSDT,0.0009,-0.00,0.01,2.74,-0.01,0.45
1661004120,binance,DGBUSDT,0.0018,-0.00,0.01,3.00,-0.01,0.45
1661004180,binance,DGBUSDT,-0.0018,-0.00,0.01,2.12,-0.00,0.46
1661004240,binance,DGBUSDT,-0.0028,-0.00,0.01,1.11,-0.01,0.44
1661004300,binance,DGBUSDT,-0.0019,-0.01,0.01,0.46,-0.01,0.47
1661004360,binance,DGBUSDT,0.0000,-0.01,0.01,0.43,-0.01,0.48
1661004420,binance,DGBUSDT,0.0000,-0.01,0.01,0.42,-0.01,0.47
1661004480,binance,DGBUSDT,0.0019,-0.01,0.01,1.02,-0.01,0.48
1661004540,binance,DGBUSDT,0.0009,-0.01,0.01,1.26,-0.01,0.47
1661004600,binance,DGBUSDT,0.0019,-0.01,0.01,1.74,-0.01,0.48
1661004660,binance,DGBUSDT,0.0009,-0.01,0.01,1.88,-0.00,0.47
1661004720,binance,DGBUSDT,0.0000,-0.01,0.01,1.75,-0.00,0.47
1661004780,binance,DGBUSDT,0.0000,-0.01,0.01,1.64,-0.00,0.47
1661004840,binance,DGBUSDT,-0.0009,-0.01,0.01,1.31,-0.01,0.49
1661004900,binance,DGBUSDT,-0.0018,-0.01,0.01,0.78,-0.01,0.47
1661004960,binance,DGBUSDT,0.0000,-0.01,0.01,0.74,-0.01,0.46
1661005020,binance,DGBUSDT,0.0000,-0.01,0.01,0.70,-0.01,0.47
1661005080,binance,DGBUSDT,-0.0009,-0.01,0.01,0.41,-0.01,0.47
1661005140,binance,DGBUSDT,0.0000,-0.01,0.01,0.37,-0.01,0.47
1661005200,binance,DGBUSDT,0.0000,-0.01,0.01,0.34,-0.01,0.47
1661005260,binance,DGBUSDT,0.0000,-0.01,0.01,0.30,-0.01,0.47
1661005320,binance,DGBUSDT,0.0000,-0.01,0.01,0.25,-0.01,0.46
1661005380,binance,DGBUSDT,0.0000,-0.01,0.01,0.21,-0.01,0.45
1661005440,binance,DGBUSDT,0.0000,-0.01,0.01,0.16,-0.01,0.45
1661005500,binance,DGBUSDT,0.0000,-0.01,0.01,0.11,-0.01,0.45
1661005560,binance,DGBUSDT,-0.0019,-0.01,0.01,-0.65,-0.01,0.45
1661005620,binance,DGBUSDT,0.0000,-0.01,0.01,-0.70,-0.01,0.45
1661005680,binance,DGBUSDT,0.0000,-0.01,0.01,-0.73,-0.01,0.46
1661005740,binance,DGBUSDT,0.0019,-0.01,0.01,0.00,-0.01,0.46
1661005800,binance,DGBUSDT,0.0000,-0.01,0.01,-0.05,-0.01,0.47
1661005860,binance,DGBUSDT,-0.0009,-0.01,0.01,-0.57,-0.01,0.48
1661005920,binance,DGBUSDT,0.0000,-0.01,0.01,-0.67,-0.01,0.48
1661005980,binance,DGBUSDT,-0.0009,-0.01,0.01,-1.21,-0.01,0.53
1661006040,binance,DGBUSDT,0.0000,-0.01,0.01,-1.18,-0.01,0.55
1661006100,binance,DGBUSDT,0.0000,-0.01,0.01,-1.16,-0.01,0.55
1661006160,binance,DGBUSDT,-0.0009,-0.01,0.01,-1.59,-0.01,0.55
1661006220,binance,DGBUSDT,-0.0028,-0.01,0.01,-2.70,-0.01,0.50
1661006280,binance,DGBUSDT,0.0009,-0.01,0.01,-2.09,-0.01,0.50
1661006340,binance,DGBUSDT,0.0000,-0.01,0.01,-1.94,-0.01,0.47
1661006400,binance,DGBUSDT,0.0000,-0.01,0.01,-1.80,-0.01,0.50
1661006460,binance,DGBUSDT,0.0019,-0.01,0.01,-0.99,-0.01,0.53
1661006520,binance,DGBUSDT,0.0009,-0.01,0.01,-0.57,-0.01,0.50
1661006580,binance,DGBUSDT,0.0000,-0.01,0.01,-0.53,-0.01,0.49
1661006640,binance,DGBUSDT,-0.0009,-0.01,0.01,-0.91,-0.01,0.51
1661006700,binance,DGBUSDT,0.0000,-0.01,0.01,-0.89,-0.01,0.51
1661006760,binance,DGBUSDT,-0.0009,-0.01,0.01,-1.26,-0.01,0.52
1661006820,binance,DGBUSDT,0.0000,-0.01,0.00,-1.22,-0.01,0.51
1661006880,binance,DGBUSDT,0.0000,-0.01,0.00,-1.16,-0.01,0.51
1661006940,binance,DGBUSDT,0.0000,-0.01,0.00,-1.10,-0.01,0.51
1661007000,binance,DGBUSDT,0.0000,-0.01,0.00,-1.05,-0.01,0.51
1661007060,binance,DGBUSDT,0.0000,-0.01,0.00,-1.02,-0.01,0.51
1661007120,binance,DGBUSDT,0.0009,-0.01,0.00,-0.58,-0.01,0.50
1661007180,binance,DGBUSDT,0.0000,-0.01,0.00,-0.54,-0.01,0.50
1661007240,binance,DGBUSDT,0.0009,-0.01,0.00,0.00,-0.01,0.48
1661007300,binance,DGBUSDT,0.0000,-0.01,0.00,0.04,-0.01,0.50
1661007360,binance,DGBUSDT,-0.0009,-0.01,0.00,-0.46,-0.01,0.51
1661007420,binance,DGBUSDT,0.0000,-0.01,0.00,-0.42,-0.01,0.51
1661007480,binance,DGBUSDT,0.0019,-0.01,0.00,0.77,-0.01,0.51
1661007540,binance,DGBUSDT,-0.0019,-0.01,0.00,-0.38,-0.01,0.49
1661007600,binance,DGBUSDT,0.0000,-0.01,0.00,-0.34,-0.01,0.48
1661007660,binance,DGBUSDT,0.0000,-0.01,0.00,-0.31,-0.01,0.48
1661007720,binance,DGBUSDT,-0.0037,-0.01,0.00,-2.60,-0.01,0.42
1661007780,binance,DGBUSDT,0.0009,-0.01,0.00,-1.88,-0.01,0.41
1661007840,binance,DGBUSDT,0.0000,-0.01,0.00,-1.79,-0.01,0.41
1661007900,binance,DGBUSDT,0.0000,-0.01,0.00,-1.70,-0.01,0.39
1661007960,binance,DGBUSDT,-0.0009,-0.01,0.00,-2.11,-0.01,0.44
1661008020,binance,DGBUSDT,0.0000,-0.01,0.00,-1.95,-0.01,0.44
1661008080,binance,DGBUSDT,0.0000,-0.01,0.00,-1.81,-0.01,0.44
1661008140,binance,DGBUSDT,0.0000,-0.01,0.00,-1.73,-0.01,0.44
1661008200,binance,DGBUSDT,0.0000,-0.01,0.00,-1.66,-0.01,0.42
1661008260,binance,DGBUSDT,0.0019,-0.01,0.00,-0.56,-0.01,0.46
1661008320,binance,DGBUSDT,-0.0019,-0.01,0.00,-1.57,-0.01,0.45
1661008380,binance,DGBUSDT,0.0009,-0.01,0.00,-0.98,-0.01,0.42
1661008440,binance,DGBUSDT,0.0019,-0.01,0.00,0.15,-0.01,0.44
1661008500,binance,DGBUSDT,0.0000,-0.01,0.00,0.19,-0.01,0.42
1661008560,binance,DGBUSDT,0.0000,-0.01,0.00,0.20,-0.01,0.42
1661008620,binance,DGBUSDT,0.0000,-0.01,0.00,0.18,-0.01,0.42
1661008680,binance,DGBUSDT,0.0000,-0.01,0.00,0.16,-0.01,0.42
1661008740,binance,DGBUSDT,0.0000,-0.01,0.00,0.15,-0.01,0.42
1661008800,binance,DGBUSDT,0.0000,-0.01,0.00,0.13,-0.01,0.42
1661008860,binance,DGBUSDT,0.0000,-0.01,0.00,0.15,-0.01,0.43
1661008920,binance,DGBUSDT,0.0000,-0.01,0.00,0.18,-0.01,0.43
1661008980,binance,DGBUSDT,0.0000,-0.01,0.00,0.22,-0.01,0.45
1661009040,binance,DGBUSDT,0.0000,-0.01,0.00,0.23,-0.01,0.45
1661009100,binance,DGBUSDT,0.0000,-0.01,0.00,0.25,-0.01,0.42
1661009160,binance,DGBUSDT,0.0000,-0.01,0.00,0.25,-0.01,0.42
1661009220,binance,DGBUSDT,0.0009,-0.01,0.00,0.86,-0.01,0.38
1661009280,binance,DGBUSDT,0.0000,-0.01,0.00,0.84,-0.01,0.38
1661009340,binance,DGBUSDT,0.0000,-0.01,0.00,0.82,-0.01,0.38
1661009400,binance,DGBUSDT,-0.0019,-0.01,0.00,-0.40,-0.01,0.38
1661009460,binance,DGBUSDT,0.0009,-0.01,0.00,0.22,-0.01,0.44
1661009520,binance,DGBUSDT,0.0000,-0.01,0.00,0.23,-0.01,0.46
1661009580,binance,DGBUSDT,0.0000,-0.01,0.00,0.25,-0.01,0.46
1661009640,binance,DGBUSDT,0.0000,-0.01,0.00,0.29,-0.01,0.46
1661009700,binance,DGBUSDT,0.0000,-0.01,0.00,0.33,-0.01,0.41
1661009760,binance,DGBUSDT,-0.0019,-0.01,0.00,-0.95,-0.01,0.41
1661009820,binance,DGBUSDT,0.0000,-0.01,0.00,-0.90,-0.01,0.41
1661009880,binance,DGBUSDT,-0.0009,-0.00,0.00,-1.55,-0.01,0.44
1661009940,binance,DGBUSDT,0.0019,-0.00,0.00,-0.11,-0.01,0.46
1661010000,binance,DGBUSDT,0.0000,-0.00,0.00,-0.07,-0.01,0.44
1661010060,binance,DGBUSDT,0.0000,-0.00,0.00,-0.04,-0.01,0.46
1661010120,binance,DGBUSDT,0.0000,-0.00,0.00,-0.08,-0.01,0.47
1661010180,binance,DGBUSDT,0.0000,-0.00,0.00,-0.10,-0.01,0.44
1661010240,binance,DGBUSDT,-0.0009,-0.00,0.00,-0.89,-0.01,0.47
1661010300,binance,DGBUSDT,0.0009,-0.00,0.00,-0.12,-0.01,0.45
1661010360,binance,DGBUSDT,-0.0009,-0.00,0.00,-0.97,-0.01,0.47
1661010420,binance,DGBUSDT,0.0009,-0.00,0.00,-0.19,-0.01,0.46
1661010480,binance,DGBUSDT,-0.0009,-0.00,0.00,-1.11,-0.01,0.47
1661010540,binance,DGBUSDT,0.0000,-0.00,0.00,-1.17,-0.01,0.47
1661010600,binance,DGBUSDT,-0.0009,-0.00,0.00,-2.10,-0.01,0.48
1661010660,binance,DGBUSDT,0.0000,-0.00,0.00,-1.95,-0.01,0.48
1661010720,binance,DGBUSDT,-0.0009,-0.00,0.00,-2.66,-0.01,0.49
1661010780,binance,DGBUSDT,0.0000,-0.00,0.00,-2.44,-0.01,0.49
1661010840,binance,DGBUSDT,0.0019,-0.00,0.00,-0.85,-0.01,0.52
1661010900,binance,DGBUSDT,0.0009,-0.00,0.00,-0.06,-0.01,0.51
1661010960,binance,DGBUSDT,-0.0019,-0.00,0.00,-1.51,-0.01,0.50
1661011020,binance,DGBUSDT,0.0000,-0.00,0.00,-1.43,-0.01,0.50
1661011080,binance,DGBUSDT,0.0000,-0.00,0.00,-1.35,-0.01,0.50
1661011140,binance,DGBUSDT,0.0019,-0.00,0.00,0.13,-0.01,0.53
1661011200,binance,DGBUSDT,-0.0019,-0.00,0.00,-1.27,-0.01,0.53
1661011260,binance,DGBUSDT,0.0000,-0.00,0.00,-1.21,-0.01,0.53
1661011320,binance,DGBUSDT,0.0009,-0.00,0.00,-0.46,-0.01,0.52
1661011380,binance,DGBUSDT,0.0009,-0.00,0.00,0.30,-0.01,0.51
1661011440,binance,DGBUSDT,-0.0009,-0.00,0.00,-0.41,-0.01,0.51
1661011500,binance,DGBUSDT,0.0000,-0.00,0.00,-0.38,-0.01,0.53
1661011560,binance,DGBUSDT,0.0009,-0.00,0.00,0.40,-0.01,0.52
1661011620,binance,DGBUSDT,0.0019,-0.00,0.00,1.94,-0.00,0.53
1661011680,binance,DGBUSDT,0.0000,-0.00,0.00,1.94,0.00,0.52
1661011740,binance,DGBUSDT,0.0000,-0.00,0.00,1.94,-0.00,0.52
1661011800,binance,DGBUSDT,0.0000,-0.00,0.00,1.82,-0.00,0.52
1661011860,binance,DGBUSDT,0.0009,-0.00,0.01,2.37,0.00,0.51
1661011920,binance,DGBUSDT,-0.0009,-0.00,0.01,1.62,-0.01,0.52
1661011980,binance,DGBUSDT,0.0009,-0.00,0.01,2.15,-0.01,0.50
1661012040,binance,DGBUSDT,-0.0009,-0.00,0.01,1.46,-0.01,0.52
1661012100,binance,DGBUSDT,0.0009,-0.00,0.01,1.97,-0.00,0.50
1661012160,binance,DGBUSDT,0.0028,-0.00,0.01,3.16,-0.00,0.54
1661012220,binance,DGBUSDT,0.0009,-0.00,0.01,3.10,0.00,0.52
1661012280,binance,DGBUSDT,0.0000,-0.00,0.01,2.72,0.00,0.52
1661012340,binance,DGBUSDT,-0.0019,-0.00,0.01,1.78,-0.00,0.50
1661012400,binance,DGBUSDT,-0.0009,-0.00,0.01,1.32,-0.00,0.51
1661012460,binance,DGBUSDT,-0.0028,-0.01,0.01,0.16,-0.01,0.47
1661012520,binance,DGBUSDT,0.0000,-0.01,0.01,0.15,-0.01,0.47
1661012580,binance,DGBUSDT,0.0000,-0.01,0.01,0.14,-0.01,0.46
1661012640,binance,DGBUSDT,0.0000,-0.01,0.01,0.12,-0.01,0.46
1661012700,binance,DGBUSDT,0.0019,-0.01,0.01,0.86,-0.00,0.48
1661012760,binance,DGBUSDT,-0.0019,-0.01,0.01,0.08,-0.01,0.47
1661012820,binance,DGBUSDT,0.0028,-0.01,0.01,1.17,-0.00,0.49
1661012880,binance,DGBUSDT,0.0000,-0.01,0.01,1.11,-0.00,0.49
1661012940,binance,DGBUSDT,0.0000,-0.01,0.01,1.05,-0.00,0.50
1661013000,binance,DGBUSDT,0.0009,-0.01,0.01,1.35,-0.00,0.49
1661013060,binance,DGBUSDT,-0.0019,-0.01,0.01,0.58,-0.00,0.49
1661013120,binance,DGBUSDT,-0.0028,-0.01,0.01,-0.59,-0.01,0.47
1661013180,binance,DGBUSDT,0.0000,-0.01,0.01,-0.64,-0.01,0.46
1661013240,binance,DGBUSDT,0.0009,-0.01,0.01,-0.26,-0.01,0.45
1661013300,binance,DGBUSDT,0.0000,-0.01,0.01,-0.28,-0.01,0.46
1661013360,binance,DGBUSDT,0.0000,-0.01,0.01,-0.31,-0.01,0.45
1661013420,binance,DGBUSDT,-0.0009,-0.01,0.01,-0.77,-0.00,0.47
1661013480,binance,DGBUSDT,-0.0009,-0.01,0.01,-1.24,-0.01,0.48
1661013540,binance,DGBUSDT,-0.0009,-0.01,0.01,-1.61,-0.01,0.49
1661013600,binance,DGBUSDT,0.0000,-0.01,0.01,-1.61,-0.01,0.50
1661013660,binance,DGBUSDT,0.0028,-0.01,0.01,-0.37,-0.00,0.51
1661013720,binance,DGBUSDT,0.0000,-0.01,0.01,-0.40,-0.00,0.52
1661013780,binance,DGBUSDT,-0.0009,-0.01,0.01,-0.85,-0.01,0.52
1661013840,binance,DGBUSDT,0.0019,-0.01,0.01,0.01,-0.00,0.54
1661013900,binance,DGBUSDT,-0.0009,-0.01,0.01,-0.48,-0.00,0.53
1661013960,binance,DGBUSDT,0.0000,-0.01,0.00,-0.50,-0.01,0.55
1661014020,binance,DGBUSDT,0.0000,-0.01,0.00,-0.48,-0.01,0.55
1661014080,binance,DGBUSDT,0.0000,-0.01,0.00,-0.47,-0.01,0.56
1661014140,binance,DGBUSDT,0.0000,-0.01,0.00,-0.46,-0.01,0.55
1661014200,binance,DGBUSDT,-0.0009,-0.01,0.00,-0.89,-0.01,0.58
1661014260,binance,DGBUSDT,0.0000,-0.01,0.00,-0.85,-0.01,0.58
1661014320,binance,DGBUSDT,0.0000,-0.01,0.00,-0.82,-0.01,0.58
1661014380,binance,DGBUSDT,-0.0009,-0.01,0.00,-1.22,-0.01,0.59
1661014440,binance,DGBUSDT,0.0000,-0.01,0.00,-1.16,-0.01,0.59
1661014500,binance,DGBUSDT,-0.0009,-0.01,0.00,-1.51,-0.01,0.61
1661014560,binance,DGBUSDT,0.0009,-0.01,0.00,-1.04,-0.01,0.55
1661014620,binance,DGBUSDT,0.0000,-0.01,0.00,-1.03,-0.01,0.55
1661014680,binance,DGBUSDT,0.0000,-0.01,0.00,-1.04,-0.01,0.55
1661014740,binance,DGBUSDT,0.0000,-0.01,0.00,-1.01,-0.01,0.57
1661014800,binance,DGBUSDT,0.0000,-0.01,0.00,-0.97,-0.01,0.59
1661014860,binance,DGBUSDT,0.0000,-0.01,0.00,-0.93,-0.01,0.64
1661014920,binance,DGBUSDT,0.0000,-0.01,0.00,-0.89,-0.01,0.64
1661014980,binance,DGBUSDT,-0.0009,-0.01,0.00,-1.39,-0.01,0.67
1661015040,binance,DGBUSDT,-0.0009,-0.01,0.00,-1.81,-0.01,0.67
1661015100,binance,DGBUSDT,0.0000,-0.01,0.00,-1.71,-0.01,0.67
1661015160,binance,DGBUSDT,0.0000,-0.01,0.00,-1.60,-0.01,0.67
1661015220,binance,DGBUSDT,-0.0047,-0.01,0.00,-3.49,-0.02,0.58
1661015280,binance,DGBUSDT,-0.0038,-0.02,0.00,-4.04,-0.02,0.53
1661015340,binance,DGBUSDT,0.0019,-0.02,0.00,-2.93,-0.02,0.53
1661015400,binance,DGBUSDT,0.0000,-0.01,0.00,-2.66,-0.02,0.48
1661015460,binance,DGBUSDT,0.0028,-0.01,0.00,-1.65,-0.02,0.53
1661015520,binance,DGBUSDT,0.0009,-0.01,0.01,-1.27,-0.01,0.49
1661015580,binance,DGBUSDT,-0.0028,-0.01,0.01,-1.99,-0.02,0.47
1661015640,binance,DGBUSDT,0.0000,-0.01,0.01,-1.85,-0.02,0.45
1661015700,binance,DGBUSDT,-0.0019,-0.01,0.01,-2.18,-0.02,0.45
1661015760,binance,DGBUSDT,0.0000,-0.01,0.01,-2.01,-0.02,0.45
1661015820,binance,DGBUSDT,0.0000,-0.01,0.01,-1.86,-0.02,0.45
1661015880,binance,DGBUSDT,-0.0028,-0.01,0.01,-2.32,-0.02,0.44
1661015940,binance,DGBUSDT,0.0000,-0.01,0.01,-2.12,-0.02,0.43
1661016000,binance,DGBUSDT,0.0019,-0.01,0.01,-1.60,-0.02,0.44
1661016060,binance,DGBUSDT,0.0000,-0.01,0.01,-1.51,-0.02,0.44
1661016120,binance,DGBUSDT,-0.0009,-0.01,0.01,-1.60,-0.02,0.44
1661016180,binance,DGBUSDT,0.0009,-0.01,0.01,-1.33,-0.02,0.42
1661016240,binance,DGBUSDT,-0.0009,-0.01,0.01,-1.44,-0.02,0.42
1661016300,binance,DGBUSDT,0.0000,-0.01,0.01,-1.37,-0.02,0.44
1661016360,binance,DGBUSDT,0.0000,-0.01,0.01,-1.30,-0.02,0.44
1661016420,binance,DGBUSDT,0.0019,-0.01,0.01,-0.89,-0.01,0.44
1661016480,binance,DGBUSDT,0.0000,-0.01,0.01,-0.84,-0.02,0.44
1661016540,binance,DGBUSDT,0.0009,-0.01,0.01,-0.61,-0.02,0.42
1661016600,binance,DGBUSDT,0.0028,-0.01,0.01,0.00,-0.02,0.45
1661016660,binance,DGBUSDT,0.0000,-0.01,0.01,0.04,-0.02,0.45
1661016720,binance,DGBUSDT,0.0019,-0.01,0.01,0.49,-0.01,0.43
1661016780,binance,DGBUSDT,0.0000,-0.01,0.01,0.52,-0.01,0.41
1661016840,binance,DGBUSDT,-0.0009,-0.01,0.01,0.34,-0.01,0.43
1661016900,binance,DGBUSDT,0.0000,-0.01,0.01,0.37,-0.01,0.43
1661016960,binance,DGBUSDT,0.0009,-0.01,0.01,0.63,-0.01,0.46
1661017020,binance,DGBUSDT,0.0000,-0.01,0.01,0.67,-0.01,0.50
1661017080,binance,DGBUSDT,0.0000,-0.01,0.01,0.72,-0.01,0.49
1661017140,binance,DGBUSDT,0.0000,-0.01,0.01,0.76,-0.01,0.49
1661017200,binance,DGBUSDT,0.0000,-0.01,0.01,0.82,-0.01,0.47
1661017260,binance,DGBUSDT,-0.0019,-0.01,0.01,0.35,-0.01,0.48
1661017320,binance,DGBUSDT,0.0000,-0.01,0.01,0.41,-0.02,0.51
1661017380,binance,DGBUSDT,-0.0009,-0.01,0.01,0.18,-0.02,0.52
1661017440,binance,DGBUSDT,0.0000,-0.01,0.01,0.23,-0.02,0.53
1661017500,binance,DGBUSDT,-0.0009,-0.01,0.01,-0.04,-0.02,0.55
1661017560,binance,DGBUSDT,0.0000,-0.01,0.01,0.01,-0.02,0.55
1661017620,binance,DGBUSDT,0.0000,-0.01,0.01,0.02,-0.02,0.60
1661017680,binance,DGBUSDT,0.0000,-0.01,0.01,-0.01,-0.02,0.60
1661017740,binance,DGBUSDT,0.0000,-0.01,0.01,-0.02,-0.02,0.59
1661017800,binance,DGBUSDT,0.0009,-0.01,0.01,0.31,-0.02,0.57
1661017860,binance,DGBUSDT,0.0000,-0.01,0.01,0.32,-0.02,0.57
1661017920,binance,DGBUSDT,0.0000,-0.00,0.01,0.34,-0.02,0.58
1661017980,binance,DGBUSDT,-0.0019,-0.00,0.01,-0.35,-0.02,0.54
1661018040,binance,DGBUSDT,0.0019,-0.00,0.01,0.34,-0.01,0.55
1661018100,binance,DGBUSDT,0.0000,-0.00,0.01,0.32,-0.01,0.55
1661018160,binance,DGBUSDT,-0.0009,-0.00,0.01,-0.05,-0.01,0.56
1661018220,binance,DGBUSDT,-0.0019,-0.01,0.01,-0.77,-0.01,0.54
1661018280,binance,DGBUSDT,0.0000,-0.01,0.01,-0.82,-0.01,0.56
1661018340,binance,DGBUSDT,0.0009,-0.01,0.01,-0.51,-0.01,0.50
1661018400,binance,DGBUSDT,0.0000,-0.01,0.01,-0.54,-0.01,0.50
1661018460,binance,DGBUSDT,0.0000,-0.01,0.01,-0.57,-0.01,0.47
1661018520,binance,DGBUSDT,0.0009,-0.01,0.01,-0.22,-0.01,0.46
1661018580,binance,DGBUSDT,0.0009,-0.01,0.01,0.16,-0.01,0.44
1661018640,binance,DGBUSDT,0.0000,-0.01,0.01,0.11,-0.01,0.44
1661018700,binance,DGBUSDT,0.0009,-0.01,0.01,0.54,-0.01,0.44
1661018760,binance,DGBUSDT,0.0000,-0.01,0.01,0.50,-0.01,0.44
1661018820,binance,DGBUSDT,0.0000,-0.01,0.01,0.46,-0.01,0.44
1661018880,binance,DGBUSDT,0.0000,-0.01,0.00,0.42,-0.01,0.44
1661018940,binance,DGBUSDT,0.0000,-0.01,0.00,0.39,-0.01,0.44
1661019000,binance,DGBUSDT,0.0000,-0.01,0.00,0.39,-0.01,0.45
1661019060,binance,DGBUSDT,0.0000,-0.01,0.00,0.39,-0.01,0.45
1661019120,binance,DGBUSDT,0.0000,-0.01,0.00,0.43,-0.01,0.44
1661019180,binance,DGBUSDT,0.0000,-0.01,0.00,0.48,-0.01,0.44
1661019240,binance,DGBUSDT,0.0000,-0.01,0.00,0.50,-0.01,0.41
1661019300,binance,DGBUSDT,-0.0019,-0.01,0.00,-0.71,-0.01,0.40
1661019360,binance,DGBUSDT,0.0009,-0.01,0.00,-0.03,-0.01,0.40
1661019420,binance,DGBUSDT,-0.0009,-0.01,0.00,-0.66,-0.01,0.42
1661019480,binance,DGBUSDT,0.0019,-0.01,0.00,0.80,-0.00,0.44
1661019540,binance,DGBUSDT,0.0000,-0.01,0.00,0.89,-0.01,0.45
1661019600,binance,DGBUSDT,0.0028,-0.00,0.01,3.03,-0.00,0.48
1661019660,binance,DGBUSDT,-0.0009,-0.00,0.01,2.14,-0.00,0.50
1661019720,binance,DGBUSDT,0.0000,-0.00,0.01,2.00,-0.01,0.52
1661019780,binance,DGBUSDT,0.0000,-0.00,0.01,1.86,-0.01,0.51
1661019840,binance,DGBUSDT,-0.0009,-0.00,0.01,1.18,-0.01,0.52
1661019900,binance,DGBUSDT,-0.0037,-0.01,0.01,-1.27,-0.01,0.44
1661019960,binance,DGBUSDT,0.0000,-0.01,0.01,-1.23,-0.01,0.44
1661020020,binance,DGBUSDT,0.0000,-0.01,0.01,-1.20,-0.01,0.44
1661020080,binance,DGBUSDT,0.0000,-0.01,0.01,-1.17,-0.01,0.46
1661020140,binance,DGBUSDT,-0.0009,-0.01,0.01,-1.67,-0.01,0.47
1661020200,binance,DGBUSDT,-0.0009,-0.01,0.01,-2.05,-0.01,0.49
1661020260,binance,DGBUSDT,0.0019,-0.01,0.01,-0.95,-0.01,0.52
1661020320,binance,DGBUSDT,0.0019,-0.01,0.01,0.11,-0.01,0.54
1661020380,binance,DGBUSDT,0.0000,-0.01,0.01,0.08,-0.01,0.54
1661020440,binance,DGBUSDT,0.0000,-0.01,0.01,0.08,-0.01,0.56
1661020500,binance,DGBUSDT,-0.0019,-0.01,0.01,-0.95,-0.02,0.55
1661020560,binance,DGBUSDT,0.0019,-0.01,0.01,0.09,-0.01,0.55
1661020620,binance,DGBUSDT,0.0000,-0.01,0.01,0.05,-0.01,0.55
1661020680,binance,DGBUSDT,0.0009,-0.01,0.01,0.56,-0.01,0.53
1661020740,binance,DGBUSDT,-0.0019,-0.01,0.01,-0.58,-0.01,0.53
1661020800,binance,DGBUSDT,0.0009,-0.01,0.01,-0.04,-0.01,0.51
1661020860,binance,DGBUSDT,0.0000,-0.01,0.00,-0.07,-0.01,0.51
1661020920,binance,DGBUSDT,0.0000,-0.01,0.00,-0.09,-0.01,0.51
1661020980,binance,DGBUSDT,0.0000,-0.01,0.00,-0.09,-0.01,0.51
1661021040,binance,DGBUSDT,-0.0009,-0.01,0.00,-0.66,-0.01,0.53
1661021100,binance,DGBUSDT,-0.0028,-0.01,0.00,-2.21,-0.02,0.52
1661021160,binance,DGBUSDT,0.0000,-0.01,0.00,-2.03,-0.01,0.51
1661021220,binance,DGBUSDT,0.0038,-0.01,0.00,0.08,-0.01,0.55
1661021280,binance,DGBUSDT,-0.0009,-0.01,0.00,-0.42,-0.01,0.56
1661021340,binance,DGBUSDT,-0.0085,-0.01,0.00,-3.91,-0.02,0.46
1661021400,binance,DGBUSDT,-0.0019,-0.01,0.00,-3.69,-0.02,0.45
1661021460,binance,DGBUSDT,0.0028,-0.01,0.00,-2.42,-0.02,0.47
1661021520,binance,DGBUSDT,-0.0028,-0.01,0.00,-2.88,-0.02,0.46
1661021580,binance,DGBUSDT,-0.0019,-0.02,0.00,-2.93,-0.02,0.45
1661021640,binance,DGBUSDT,-0.0019,-0.02,0.00,-2.93,-0.02,0.47
1661021700,binance,DGBUSDT,0.0000,-0.02,0.00,-2.59,-0.02,0.47
1661021760,binance,DGBUSDT,-0.0029,-0.02,0.00,-2.76,-0.03,0.47
1661021820,binance,DGBUSDT,0.0000,-0.02,0.00,-2.46,-0.03,0.47
1661021880,binance,DGBUSDT,-0.0038,-0.03,0.00,-2.71,-0.03,0.44
1661021940,binance,DGBUSDT,0.0010,-0.03,0.00,-2.32,-0.03,0.41
1661022000,binance,DGBUSDT,-0.0010,-0.02,0.00,-2.24,-0.03,0.43
1661022060,binance,DGBUSDT,0.0010,-0.02,0.00,-1.96,-0.03,0.41
1661022120,binance,DGBUSDT,0.0029,-0.02,0.00,-1.50,-0.03,0.43
1661022180,binance,DGBUSDT,-0.0010,-0.02,0.00,-1.53,-0.03,0.44
1661022240,binance,DGBUSDT,0.0000,-0.02,0.00,-1.45,-0.03,0.43
1661022300,binance,DGBUSDT,-0.0057,-0.03,0.00,-1.98,-0.03,0.41
1661022360,binance,DGBUSDT,0.0029,-0.03,0.00,-1.55,-0.03,0.43
1661022420,binance,DGBUSDT,-0.0029,-0.03,0.00,-1.75,-0.03,0.44
1661022480,binance,DGBUSDT,0.0010,-0.03,0.00,-1.54,-0.03,0.42
1661022540,binance,DGBUSDT,-0.0029,-0.03,0.00,-1.73,-0.04,0.44
1661022600,binance,DGBUSDT,-0.0154,-0.04,0.00,-2.86,-0.05,0.38
1661022660,binance,DGBUSDT,0.0039,-0.04,0.00,-2.27,-0.05,0.40
1661022720,binance,DGBUSDT,0.0029,-0.04,0.01,-1.88,-0.04,0.41
1661022780,binance,DGBUSDT,0.0000,-0.04,0.01,-1.76,-0.04,0.40
1661022840,binance,DGBUSDT,-0.0019,-0.04,0.01,-1.79,-0.04,0.40
1661022900,binance,DGBUSDT,-0.0010,-0.04,0.01,-1.74,-0.05,0.41
1661022960,binance,DGBUSDT,0.0000,-0.04,0.01,-1.64,-0.05,0.39
1661023020,binance,DGBUSDT,0.0010,-0.04,0.01,-1.49,-0.05,0.37
1661023080,binance,DGBUSDT,0.0019,-0.04,0.01,-1.28,-0.04,0.39
1661023140,binance,DGBUSDT,0.0049,-0.04,0.01,-0.88,-0.04,0.41
1661023200,binance,DGBUSDT,-0.0019,-0.04,0.01,-0.97,-0.04,0.41
1661023260,binance,DGBUSDT,-0.0029,-0.04,0.01,-1.14,-0.04,0.41
1661023320,binance,DGBUSDT,-0.0010,-0.04,0.01,-1.17,-0.04,0.41
1661023380,binance,DGBUSDT,0.0000,-0.04,0.01,-1.12,-0.04,0.41
1661023440,binance,DGBUSDT,0.0000,-0.04,0.01,-1.08,-0.04,0.41
1661023500,binance,DGBUSDT,-0.0019,-0.04,0.01,-1.19,-0.04,0.41
1661023560,binance,DGBUSDT,0.0010,-0.04,0.01,-1.07,-0.05,0.40
1661023620,binance,DGBUSDT,0.0000,-0.04,0.01,-1.04,-0.05,0.40
1661023680,binance,DGBUSDT,-0.0010,-0.03,0.01,-1.11,-0.05,0.43
1661023740,binance,DGBUSDT,-0.0010,-0.03,0.01,-1.16,-0.05,0.43
1661023800,binance,DGBUSDT,0.0029,-0.03,0.01,-0.83,-0.04,0.45
1661023860,binance,DGBUSDT,-0.0010,-0.03,0.01,-0.89,-0.04,0.46
1661023920,binance,DGBUSDT,0.0000,-0.03,0.01,-0.86,-0.04,0.44
1661023980,binance,DGBUSDT,0.0000,-0.03,0.01,-0.82,-0.05,0.44
1661024040,binance,DGBUSDT,0.0000,-0.03,0.01,-0.78,-0.05,0.46
1661024100,binance,DGBUSDT,0.0019,-0.02,0.01,-0.51,-0.04,0.45
1661024160,binance,DGBUSDT,0.0000,-0.02,0.01,-0.47,-0.04,0.45
1661024220,binance,DGBUSDT,-0.0039,-0.02,0.01,-0.95,-0.04,0.46
1661024280,binance,DGBUSDT,0.0000,-0.02,0.01,-0.90,-0.04,0.46
1661024340,binance,DGBUSDT,-0.0010,-0.02,0.01,-0.99,-0.05,0.60
1661024400,binance,DGBUSDT,0.0020,-0.02,0.01,-0.68,-0.04,0.58
1661024460,binance,DGBUSDT,0.0000,-0.02,0.01,-0.64,-0.04,0.57
1661024520,binance,DGBUSDT,0.0000,-0.02,0.01,-0.61,-0.04,0.57
1661024580,binance,DGBUSDT,0.0019,-0.02,0.01,-0.24,-0.04,0.57
1661024640,binance,DGBUSDT,0.0000,-0.02,0.01,-0.18,-0.04,0.56
1661024700,binance,DGBUSDT,0.0000,-0.02,0.01,-0.13,-0.04,0.56
1661024760,binance,DGBUSDT,-0.0010,-0.02,0.01,-0.30,-0.04,0.59
1661024820,binance,DGBUSDT,-0.0010,-0.02,0.01,-0.54,-0.05,0.60
1661024880,binance,DGBUSDT,0.0029,-0.02,0.01,0.56,-0.04,0.57
1661024940,binance,DGBUSDT,0.0000,-0.01,0.01,0.83,-0.04,0.58
1661025000,binance,DGBUSDT,0.0019,-0.01,0.01,1.78,-0.04,0.60
1661025060,binance,DGBUSDT,-0.0019,-0.01,0.01,0.72,-0.04,0.58
1661025120,binance,DGBUSDT,0.0010,-0.01,0.01,1.21,-0.04,0.56
1661025180,binance,DGBUSDT,0.0000,-0.01,0.01,1.18,-0.04,0.56
1661025240,binance,DGBUSDT,0.0000,-0.01,0.01,1.12,-0.04,0.57
1661025300,binance,DGBUSDT,0.0010,-0.01,0.01,1.52,-0.04,0.57
1661025360,binance,DGBUSDT,-0.0019,-0.01,0.01,0.52,-0.05,0.56
1661025420,binance,DGBUSDT,0.0010,-0.01,0.01,0.96,-0.04,0.54
1661025480,binance,DGBUSDT,-0.0029,-0.01,0.01,-0.46,-0.05,0.50
1661025540,binance,DGBUSDT,0.0010,-0.01,0.01,0.11,-0.05,0.47
1661025600,binance,DGBUSDT,0.0029,-0.00,0.01,1.82,-0.05,0.47
1661025660,binance,DGBUSDT,0.0000,-0.00,0.01,1.73,-0.05,0.47
1661025720,binance,DGBUSDT,0.0000,-0.00,0.01,1.63,-0.05,0.47
1661025780,binance,DGBUSDT,0.0010,-0.00,0.01,1.99,-0.04,0.46
1661025840,binance,DGBUSDT,0.0000,-0.00,0.01,1.85,-0.04,0.46
1661025900,binance,DGBUSDT,-0.0019,-0.00,0.01,0.86,-0.04,0.46
1661025960,binance,DGBUSDT,0.0000,-0.00,0.01,0.82,-0.04,0.50
1661026020,binance,DGBUSDT,0.0029,-0.00,0.01,2.05,-0.04,0.52
1661026080,binance,DGBUSDT,0.0010,-0.00,0.01,2.28,-0.04,0.49
1661026140,binance,DGBUSDT,-0.0010,-0.00,0.01,1.75,-0.05,0.50
1661026200,binance,DGBUSDT,0.0010,-0.00,0.01,2.00,-0.05,0.49
1661026260,binance,DGBUSDT,0.0010,-0.00,0.01,2.18,-0.04,0.49
1661026320,binance,DGBUSDT,0.0029,-0.00,0.01,2.86,-0.04,0.50
1661026380,binance,DGBUSDT,0.0029,-0.00,0.02,3.22,-0.04,0.51
1661026440,binance,DGBUSDT,0.0010,-0.00,0.02,3.00,-0.04,0.50
1661026500,binance,DGBUSDT,0.0019,-0.00,0.02,2.99,-0.03,0.49
1661026560,binance,DGBUSDT,0.0019,-0.00,0.02,2.94,-0.03,0.47
1661026620,binance,DGBUSDT,0.0010,-0.00,0.02,2.76,-0.03,0.45
1661026680,binance,DGBUSDT,0.0000,-0.00,0.02,2.48,-0.03,0.45
1661026740,binance,DGBUSDT,-0.0019,-0.00,0.02,2.00,-0.03,0.45
1661026800,binance,DGBUSDT,0.0000,-0.00,0.02,1.86,-0.03,0.45
1661026860,binance,DGBUSDT,0.0000,-0.00,0.02,1.74,-0.03,0.45
1661026920,binance,DGBUSDT,0.0010,-0.00,0.02,1.77,-0.03,0.45
1661026980,binance,DGBUSDT,0.0000,-0.00,0.02,1.66,-0.03,0.45
1661027040,binance,DGBUSDT,0.0000,-0.00,0.02,1.56,-0.03,0.45
1661027100,binance,DGBUSDT,-0.0029,-0.00,0.02,1.08,-0.03,0.43
1661027160,binance,DGBUSDT,0.0010,-0.00,0.02,1.16,-0.03,0.43
1661027220,binance,DGBUSDT,0.0000,-0.00,0.02,1.11,-0.03,0.46
1661027280,binance,DGBUSDT,0.0000,-0.00,0.02,1.05,-0.03,0.46
1661027340,binance,DGBUSDT,0.0019,-0.00,0.02,1.27,-0.03,0.45
1661027400,binance,DGBUSDT,-0.0019,-0.00,0.02,0.94,-0.03,0.45
1661027460,binance,DGBUSDT,0.0000,-0.00,0.02,0.89,-0.03,0.45
1661027520,binance,DGBUSDT,-0.0029,-0.01,0.02,0.44,-0.03,0.44
1661027580,binance,DGBUSDT,-0.0010,-0.01,0.02,0.26,-0.03,0.46
1661027640,binance,DGBUSDT,0.0000,-0.01,0.02,0.23,-0.03,0.46
1661027700,binance,DGBUSDT,0.0029,-0.01,0.02,0.64,-0.03,0.47
1661027760,binance,DGBUSDT,0.0000,-0.01,0.02,0.60,-0.03,0.46
1661027820,binance,DGBUSDT,0.0010,-0.01,0.02,0.71,-0.03,0.46
1661027880,binance,DGBUSDT,0.0000,-0.01,0.02,0.68,-0.03,0.44
1661027940,binance,DGBUSDT,-0.0010,-0.01,0.02,0.47,-0.03,0.47
1661028000,binance,DGBUSDT,0.0000,-0.01,0.02,0.44,-0.03,0.48
1661028060,binance,DGBUSDT,-0.0019,-0.01,0.02,0.03,-0.03,0.46
1661028120,binance,DGBUSDT,0.0000,-0.01,0.02,-0.01,-0.03,0.44
1661028180,binance,DGBUSDT,0.0010,-0.01,0.02,0.14,-0.03,0.44
1661028240,binance,DGBUSDT,-0.0010,-0.01,0.02,-0.12,-0.03,0.44
1661028300,binance,DGBUSDT,0.0010,-0.01,0.02,0.04,-0.03,0.42
1661028360,binance,DGBUSDT,-0.0029,-0.01,0.01,-0.80,-0.03,0.42
1661028420,binance,DGBUSDT,-0.0010,-0.01,0.01,-1.17,-0.03,0.43
1661028480,binance,DGBUSDT,0.0019,-0.01,0.01,-0.70,-0.03,0.44
1661028540,binance,DGBUSDT,0.0000,-0.01,0.01,-0.83,-0.03,0.44
1661028600,binance,DGBUSDT,0.0000,-0.01,0.01,-0.98,-0.03,0.44
1661028660,binance,DGBUSDT,-0.0067,-0.01,0.01,-3.33,-0.04,0.40
1661028720,binance,DGBUSDT,-0.0019,-0.02,0.01,-3.42,-0.04,0.40
1661028780,binance,DGBUSDT,-0.0029,-0.02,0.00,-3.49,-0.05,0.39
1661028840,binance,DGBUSDT,-0.0068,-0.02,0.00,-3.92,-0.05,0.36
1661028900,binance,DGBUSDT,0.0049,-0.02,0.00,-2.62,-0.05,0.44
1661028960,binance,DGBUSDT,-0.0010,-0.02,0.00,-2.49,-0.05,0.45
1661029020,binance,DGBUSDT,0.0000,-0.02,0.00,-2.27,-0.05,0.45
1661029080,binance,DGBUSDT,0.0029,-0.02,0.01,-1.70,-0.04,0.47
1661029140,binance,DGBUSDT,0.0000,-0.02,0.01,-1.60,-0.04,0.46
1661029200,binance,DGBUSDT,0.0000,-0.02,0.01,-1.50,-0.04,0.46
1661029260,binance,DGBUSDT,0.0000,-0.02,0.01,-1.42,-0.04,0.47
1661029320,binance,DGBUSDT,0.0000,-0.02,0.01,-1.34,-0.04,0.45
1661029380,binance,DGBUSDT,0.0000,-0.02,0.01,-1.28,-0.04,0.45
1661029440,binance,DGBUSDT,0.0000,-0.02,0.01,-1.21,-0.04,0.44
1661029500,binance,DGBUSDT,0.0010,-0.02,0.01,-1.03,-0.04,0.42
1661029560,binance,DGBUSDT,0.0010,-0.02,0.01,-0.85,-0.04,0.42
1661029620,binance,DGBUSDT,0.0019,-0.02,0.01,-0.54,-0.04,0.42
1661029680,binance,DGBUSDT,0.0039,-0.02,0.01,0.03,-0.03,0.43
1661029740,binance,DGBUSDT,-0.0010,-0.02,0.01,-0.07,-0.03,0.44
1661029800,binance,DGBUSDT,0.0039,-0.02,0.02,0.52,-0.03,0.45
1661029860,binance,DGBUSDT,-0.0010,-0.02,0.02,0.41,-0.03,0.47
1661029920,binance,DGBUSDT,-0.0010,-0.02,0.02,0.28,-0.03,0.50
1661029980,binance,DGBUSDT,0.0000,-0.02,0.02,0.29,-0.04,0.49
1661030040,binance,DGBUSDT,0.0010,-0.02,0.02,0.45,-0.03,0.49
1661030100,binance,DGBUSDT,0.0000,-0.02,0.02,0.48,-0.03,0.49
1661030160,binance,DGBUSDT,0.0000,-0.02,0.02,0.51,-0.03,0.47
1661030220,binance,DGBUSDT,-0.0010,-0.02,0.02,0.39,-0.04,0.50
1661030280,binance,DGBUSDT,-0.0029,-0.02,0.02,-0.05,-0.04,0.49
1661030340,binance,DGBUSDT,0.0000,-0.02,0.02,-0.02,-0.04,0.49
1661030400,binance,DGBUSDT,0.0000,-0.02,0.02,0.02,-0.04,0.54
1661030460,binance,DGBUSDT,-0.0010,-0.02,0.02,-0.12,-0.04,0.56
1661030520,binance,DGBUSDT,-0.0010,-0.02,0.02,-0.26,-0.04,0.58
1661030580,binance,DGBUSDT,0.0029,-0.02,0.02,0.32,-0.04,0.68
1661030640,binance,DGBUSDT,0.0000,-0.02,0.02,0.36,-0.04,0.66
1661030700,binance,DGBUSDT,0.0000,-0.02,0.02,0.41,-0.04,0.65
1661030760,binance,DGBUSDT,-0.0019,-0.02,0.02,0.04,-0.04,0.63
1661030820,binance,DGBUSDT,0.0000,-0.02,0.02,0.07,-0.04,0.63
1661030880,binance,DGBUSDT,0.0000,-0.02,0.02,0.11,-0.04,0.63
1661030940,binance,DGBUSDT,0.0000,-0.02,0.02,0.15,-0.04,0.63
1661031000,binance,DGBUSDT,-0.0010,-0.01,0.02,-0.03,-0.04,0.63
1661031060,binance,DGBUSDT,0.0000,-0.01,0.02,-0.02,-0.04,0.63
1661031120,binance,DGBUSDT,0.0000,-0.01,0.02,-0.03,-0.04,0.63
1661031180,binance,DGBUSDT,0.0000,-0.01,0.02,-0.05,-0.04,0.63
1661031240,binance,DGBUSDT,0.0010,-0.01,0.01,0.12,-0.04,0.63
1661031300,binance,DGBUSDT,0.0000,-0.01,0.01,0.08,-0.04,0.65
1661031360,binance,DGBUSDT,0.0000,-0.01,0.01,0.03,-0.04,0.66
1661031420,binance,DGBUSDT,0.0000,-0.01,0.01,-0.03,-0.04,0.63
1661031480,binance,DGBUSDT,0.0000,-0.01,0.01,-0.07,-0.04,0.62
1661031540,binance,DGBUSDT,0.0048,-0.01,0.01,1.44,-0.03,0.65
1661031600,binance,DGBUSDT,0.0000,-0.01,0.01,1.38,-0.03,0.64
1661031660,binance,DGBUSDT,0.0010,-0.01,0.01,1.64,-0.03,0.60
1661031720,binance,DGBUSDT,0.0000,-0.01,0.01,1.58,-0.03,0.60
1661031780,binance,DGBUSDT,0.0000,-0.01,0.01,1.53,-0.03,0.63
1661031840,binance,DGBUSDT,0.0010,-0.01,0.01,1.82,-0.03,0.60
1661031900,binance,DGBUSDT,0.0000,-0.01,0.01,1.75,-0.03,0.60
1661031960,binance,DGBUSDT,0.0029,-0.01,0.01,2.58,-0.03,0.59
1661032020,binance,DGBUSDT,0.0019,-0.01,0.01,2.85,-0.03,0.65
1661032080,binance,DGBUSDT,0.0019,-0.01,0.01,2.97,-0.02,0.64
1661032140,binance,DGBUSDT,-0.0010,-0.01,0.01,2.41,-0.02,0.65
1661032200,binance,DGBUSDT,0.0010,-0.01,0.01,2.42,-0.02,0.63
1661032260,binance,DGBUSDT,0.0000,-0.01,0.01,2.21,-0.02,0.61
1661032320,binance,DGBUSDT,0.0000,-0.01,0.01,2.04,-0.02,0.60
1661032380,binance,DGBUSDT,0.0000,-0.01,0.01,1.89,-0.02,0.60
1661032440,binance,DGBUSDT,0.0010,-0.01,0.02,1.93,-0.02,0.59
1661032500,binance,DGBUSDT,0.0010,-0.01,0.02,1.96,-0.02,0.64
1661032560,binance,DGBUSDT,0.0000,-0.00,0.02,1.83,-0.02,0.64
1661032620,binance,DGBUSDT,0.0000,-0.00,0.02,1.71,-0.02,0.64
1661032680,binance,DGBUSDT,-0.0010,-0.00,0.02,1.46,-0.02,0.64
1661032740,binance,DGBUSDT,0.0000,-0.00,0.02,1.38,-0.02,0.64
1661032800,binance,DGBUSDT,0.0010,-0.00,0.02,1.44,-0.02,0.64
1661032860,binance,DGBUSDT,0.0019,-0.00,0.02,1.64,-0.02,0.64
1661032920,binance,DGBUSDT,-0.0010,-0.00,0.02,1.41,-0.02,0.64
1661032980,binance,DGBUSDT,-0.0010,-0.00,0.02,1.20,-0.02,0.65
1661033040,binance,DGBUSDT,0.0029,-0.00,0.02,1.54,-0.02,0.66
1661033100,binance,DGBUSDT,0.0000,-0.00,0.02,1.45,-0.02,0.66
1661033160,binance,DGBUSDT,0.0000,-0.00,0.02,1.37,-0.02,0.66
1661033220,binance,DGBUSDT,0.0019,-0.00,0.02,1.56,-0.02,0.66
1661033280,binance,DGBUSDT,0.0019,-0.00,0.02,1.72,-0.02,0.63
1661033340,binance,DGBUSDT,0.0000,-0.00,0.02,1.62,-0.02,0.63
1661033400,binance,DGBUSDT,-0.0009,-0.00,0.02,1.42,-0.02,0.64
1661033460,binance,DGBUSDT,0.0000,-0.00,0.02,1.36,-0.02,0.64
1661033520,binance,DGBUSDT,0.0000,-0.00,0.02,1.31,-0.02,0.64
1661033580,binance,DGBUSDT,-0.0009,-0.00,0.02,1.13,-0.02,0.65
1661033640,binance,DGBUSDT,0.0000,-0.00,0.02,1.09,-0.02,0.65
1661033700,binance,DGBUSDT,0.0000,-0.00,0.02,1.05,-0.02,0.63
1661033760,binance,DGBUSDT,0.0000,-0.00,0.02,1.02,-0.02,0.63
1661033820,binance,DGBUSDT,0.0000,-0.00,0.02,0.99,-0.02,0.62
1661033880,binance,DGBUSDT,0.0000,-0.00,0.02,0.98,-0.02,0.62
1661033940,binance,DGBUSDT,0.0000,-0.00,0.02,0.94,-0.02,0.63
1661034000,binance,DGBUSDT,0.0009,-0.00,0.02,1.10,-0.02,0.62
1661034060,binance,DGBUSDT,-0.0047,-0.01,0.02,0.07,-0.02,0.49
1661034120,binance,DGBUSDT,-0.0010,-0.01,0.02,-0.21,-0.02,0.51
1661034180,binance,DGBUSDT,0.0038,-0.01,0.02,0.66,-0.02,0.56
1661034240,binance,DGBUSDT,0.0000,-0.01,0.02,0.63,-0.02,0.58
1661034300,binance,DGBUSDT,0.0000,-0.01,0.01,0.60,-0.02,0.58
1661034360,binance,DGBUSDT,0.0000,-0.01,0.01,0.57,-0.02,0.58
1661034420,binance,DGBUSDT,0.0000,-0.01,0.01,0.53,-0.02,0.56
1661034480,binance,DGBUSDT,0.0000,-0.01,0.01,0.50,-0.02,0.56
1661034540,binance,DGBUSDT,0.0000,-0.01,0.01,0.46,-0.02,0.58
1661034600,binance,DGBUSDT,-0.0038,-0.01,0.01,-0.99,-0.03,0.55
1661034660,binance,DGBUSDT,0.0000,-0.01,0.01,-1.04,-0.02,0.53
1661034720,binance,DGBUSDT,0.0000,-0.01,0.01,-1.08,-0.02,0.50
1661034780,binance,DGBUSDT,0.0000,-0.01,0.01,-1.14,-0.02,0.48
1661034840,binance,DGBUSDT,0.0019,-0.01,0.01,-0.39,-0.02,0.48
1661034900,binance,DGBUSDT,0.0000,-0.01,0.01,-0.42,-0.02,0.48
1661034960,binance,DGBUSDT,-0.0019,-0.01,0.01,-1.24,-0.02,0.49
1661035020,binance,DGBUSDT,0.0019,-0.01,0.01,-0.45,-0.02,0.49
1661035080,binance,DGBUSDT,-0.0019,-0.01,0.01,-1.32,-0.02,0.50
1661035140,binance,DGBUSDT,0.0000,-0.01,0.01,-1.35,-0.02,0.47
1661035200,binance,DGBUSDT,0.0000,-0.01,0.01,-1.35,-0.02,0.47
1661035260,binance,DGBUSDT,0.0000,-0.01,0.01,-1.30,-0.02,0.47
1661035320,binance,DGBUSDT,0.0000,-0.01,0.01,-1.28,-0.02,0.45
1661035380,binance,DGBUSDT,0.0000,-0.01,0.00,-1.28,-0.03,0.45
1661035440,binance,DGBUSDT,-0.0010,-0.01,0.00,-1.60,-0.03,0.47
1661035500,binance,DGBUSDT,0.0000,-0.01,0.00,-1.51,-0.03,0.47
1661035560,binance,DGBUSDT,0.0000,-0.01,0.00,-1.43,-0.03,0.47
1661035620,binance,DGBUSDT,0.0057,-0.01,0.01,0.86,-0.02,0.55
1661035680,binance,DGBUSDT,0.0009,-0.01,0.01,1.27,-0.02,0.52
1661035740,binance,DGBUSDT,-0.0019,-0.01,0.01,0.54,-0.02,0.55
1661035800,binance,DGBUSDT,0.0000,-0.01,0.01,0.57,-0.02,0.60
1661035860,binance,DGBUSDT,0.0000,-0.01,0.01,0.61,-0.02,0.58
1661035920,binance,DGBUSDT,-0.0019,-0.01,0.01,-0.19,-0.02,0.56
1661035980,binance,DGBUSDT,0.0010,-0.01,0.01,0.26,-0.02,0.53
1661036040,binance,DGBUSDT,0.0010,-0.01,0.01,0.72,-0.02,0.50
1661036100,binance,DGBUSDT,0.0000,-0.01,0.01,0.73,-0.02,0.50
1661036160,binance,DGBUSDT,0.0000,-0.01,0.01,0.75,-0.02,0.50
1661036220,binance,DGBUSDT,0.0000,-0.01,0.01,0.77,-0.02,0.50
1661036280,binance,DGBUSDT,0.0000,-0.01,0.01,0.79,-0.02,0.50
1661036340,binance,DGBUSDT,0.0000,-0.01,0.01,0.82,-0.02,0.55
1661036400,binance,DGBUSDT,0.0000,-0.00,0.01,0.87,-0.02,0.55
1661036460,binance,DGBUSDT,0.0009,-0.00,0.01,1.28,-0.02,0.53
1661036520,binance,DGBUSDT,0.0000,-0.00,0.01,1.21,-0.02,0.53
1661036580,binance,DGBUSDT,0.0000,-0.00,0.01,1.19,-0.02,0.53
1661036640,binance,DGBUSDT,0.0000,-0.00,0.01,1.16,-0.02,0.53
1661036700,binance,DGBUSDT,0.0000,-0.00,0.01,1.14,-0.02,0.53
1661036760,binance,DGBUSDT,0.0000,-0.00,0.01,1.12,-0.01,0.53
1661036820,binance,DGBUSDT,-0.0019,-0.00,0.01,0.23,-0.01,0.53
1661036880,binance,DGBUSDT,0.0000,-0.00,0.01,0.24,-0.01,0.53
1661036940,binance,DGBUSDT,0.0000,-0.00,0.01,0.25,-0.01,0.53
1661037000,binance,DGBUSDT,0.0000,-0.00,0.01,0.22,-0.01,0.53
1661037060,binance,DGBUSDT,0.0000,-0.00,0.01,0.19,-0.01,0.53
1661037120,binance,DGBUSDT,0.0000,-0.00,0.01,0.16,-0.01,0.53
1661037180,binance,DGBUSDT,0.0000,-0.00,0.01,0.12,-0.01,0.50
1661037240,binance,DGBUSDT,0.0010,-0.00,0.01,0.59,-0.01,0.48
1661037300,binance,DGBUSDT,0.0000,-0.00,0.01,0.57,-0.01,0.48
1661037360,binance,DGBUSDT,0.0000,-0.00,0.01,0.53,-0.01,0.33
1661037420,binance,DGBUSDT,0.0019,-0.00,0.01,1.45,-0.00,0.38
1661037480,binance,DGBUSDT,0.0019,-0.00,0.01,2.24,-0.00,0.40
1661037540,binance,DGBUSDT,0.0000,-0.00,0.01,2.08,-0.00,0.40
1661037600,binance,DGBUSDT,0.0009,-0.00,0.01,2.34,-0.00,0.39
1661037660,binance,DGBUSDT,-0.0009,-0.00,0.01,1.79,-0.00,0.46
1661037720,binance,DGBUSDT,0.0000,-0.00,0.01,1.70,-0.00,0.47
1661037780,binance,DGBUSDT,0.0019,-0.00,0.01,2.37,-0.00,0.50
1661037840,binance,DGBUSDT,0.0009,-0.00,0.01,2.59,-0.00,0.49
1661037900,binance,DGBUSDT,0.0009,-0.00,0.01,2.76,0.00,0.48
1661037960,binance,DGBUSDT,-0.0019,-0.00,0.01,1.92,-0.00,0.45
1661038020,binance,DGBUSDT,0.0019,-0.00,0.01,2.44,-0.00,0.46
1661038080,binance,DGBUSDT,-0.0009,-0.00,0.01,1.92,-0.00,0.49
1661038140,binance,DGBUSDT,0.0000,-0.00,0.01,1.79,-0.01,0.49
1661038200,binance,DGBUSDT,-0.0009,-0.00,0.01,1.37,-0.01,0.52
1661038260,binance,DGBUSDT,-0.0009,-0.00,0.01,0.99,-0.01,0.53
1661038320,binance,DGBUSDT,0.0000,-0.00,0.01,0.94,-0.01,0.53
1661038380,binance,DGBUSDT,-0.0019,-0.00,0.01,0.25,-0.01,0.51
1661038440,binance,DGBUSDT,0.0019,-0.00,0.01,0.88,-0.01,0.52
1661038500,binance,DGBUSDT,0.0000,-0.00,0.01,0.84,-0.01,0.52
1661038560,binance,DGBUSDT,0.0000,-0.00,0.01,0.80,-0.01,0.54
1661038620,binance,DGBUSDT,0.0000,-0.00,0.01,0.76,-0.01,0.54
1661038680,binance,DGBUSDT,0.0000,-0.00,0.01,0.72,-0.01,0.54
1661038740,binance,DGBUSDT,-0.0009,-0.00,0.01,0.35,-0.01,0.55
1661038800,binance,DGBUSDT,0.0009,-0.00,0.01,0.65,-0.01,0.54
1661038860,binance,DGBUSDT,0.0000,-0.00,0.01,0.62,-0.01,0.54
1661038920,binance,DGBUSDT,0.0000,-0.00,0.01,0.59,-0.01,0.54
1661038980,binance,DGBUSDT,0.0000,-0.00,0.01,0.56,-0.01,0.55
1661039040,binance,DGBUSDT,0.0000,-0.00,0.01,0.52,-0.01,0.55
1661039100,binance,DGBUSDT,-0.0009,-0.00,0.01,0.15,-0.01,0.56
1661039160,binance,DGBUSDT,0.0000,-0.00,0.01,0.12,-0.01,0.55
1661039220,binance,DGBUSDT,-0.0028,-0.01,0.01,-0.99,-0.01,0.50
1661039280,binance,DGBUSDT,0.0000,-0.01,0.01,-1.03,-0.01,0.50
1661039340,binance,DGBUSDT,0.0000,-0.01,0.01,-1.08,-0.01,0.51
1661039400,binance,DGBUSDT,0.0019,-0.01,0.01,-0.36,-0.01,0.51
1661039460,binance,DGBUSDT,0.0000,-0.01,0.01,-0.42,-0.01,0.51
1661039520,binance,DGBUSDT,0.0000,-0.01,0.01,-0.50,-0.01,0.50
1661039580,binance,DGBUSDT,0.0000,-0.01,0.01,-0.58,-0.01,0.52
1661039640,binance,DGBUSDT,0.0000,-0.01,0.01,-0.65,-0.01,0.54
1661039700,binance,DGBUSDT,0.0000,-0.01,0.01,-0.73,-0.01,0.55
1661039760,binance,DGBUSDT,0.0028,-0.01,0.01,0.87,-0.00,0.58
1661039820,binance,DGBUSDT,0.0000,-0.01,0.00,0.83,-0.00,0.57
1661039880,binance,DGBUSDT,-0.0009,-0.01,0.00,0.22,-0.01,0.58
1661039940,binance,DGBUSDT,-0.0028,-0.01,0.00,-1.48,-0.01,0.54
1661040000,binance,DGBUSDT,0.0009,-0.01,0.00,-0.87,-0.01,0.50
1661040060,binance,DGBUSDT,0.0000,-0.01,0.00,-0.85,-0.01,0.50
1661040120,binance,DGBUSDT,0.0000,-0.01,0.00,-0.83,-0.01,0.50
1661040180,binance,DGBUSDT,0.0000,-0.01,0.00,-0.79,-0.01,0.49
1661040240,binance,DGBUSDT,-0.0019,-0.01,0.00,-1.80,-0.01,0.49
1661040300,binance,DGBUSDT,0.0000,-0.01,0.00,-1.73,-0.01,0.49
1661040360,binance,DGBUSDT,-0.0009,-0.01,0.00,-2.11,-0.01,0.51
1661040420,binance,DGBUSDT,0.0000,-0.01,0.00,-2.02,-0.01,0.51
1661040480,binance,DGBUSDT,0.0000,-0.01,0.00,-1.92,-0.01,0.49
1661040540,binance,DGBUSDT,0.0028,-0.01,0.00,-0.25,-0.01,0.55
1661040600,binance,DGBUSDT,0.0000,-0.01,0.00,-0.22,-0.01,0.55
1661040660,binance,DGBUSDT,0.0000,-0.01,0.00,-0.19,-0.01,0.55
1661040720,binance,DGBUSDT,0.0000,-0.01,0.00,-0.16,-0.01,0.55
1661040780,binance,DGBUSDT,0.0000,-0.01,0.00,-0.16,-0.01,0.55
1661040840,binance,DGBUSDT,0.0000,-0.01,0.00,-0.14,-0.01,0.53
1661040900,binance,DGBUSDT,0.0000,-0.01,0.00,-0.11,-0.01,0.53
1661040960,binance,DGBUSDT,0.0009,-0.01,0.00,0.53,-0.01,0.53
1661041020,binance,DGBUSDT,0.0009,-0.01,0.00,1.15,-0.01,0.51
1661041080,binance,DGBUSDT,0.0009,-0.01,0.01,1.72,-0.01,0.50
1661041140,binance,DGBUSDT,0.0000,-0.01,0.01,1.63,-0.01,0.49
1661041200,binance,DGBUSDT,0.0019,-0.01,0.01,2.55,-0.01,0.50
1661041260,binance,DGBUSDT,0.0019,-0.01,0.01,3.11,-0.01,0.50
1661041320,binance,DGBUSDT,-0.0009,-0.01,0.01,2.41,-0.01,0.52
1661041380,binance,DGBUSDT,-0.0009,-0.01,0.01,1.85,-0.01,0.54
1661041440,binance,DGBUSDT,0.0000,-0.01,0.01,1.76,-0.00,0.54
1661041500,binance,DGBUSDT,0.0000,-0.01,0.01,1.65,-0.00,0.51
1661041560,binance,DGBUSDT,0.0000,-0.01,0.01,1.56,-0.00,0.51
1661041620,binance,DGBUSDT,0.0019,-0.01,0.01,2.13,-0.00,0.50
1661041680,binance,DGBUSDT,0.0000,-0.01,0.01,1.97,0.00,0.57
1661041740,binance,DGBUSDT,0.0000,-0.01,0.01,1.84,0.00,0.58
1661041800,binance,DGBUSDT,0.0000,-0.01,0.01,1.72,-0.00,0.58
1661041860,binance,DGBUSDT,0.0028,-0.01,0.01,2.41,0.00,0.60
1661041920,binance,DGBUSDT,-0.0009,-0.01,0.01,1.95,-0.00,0.61
1661041980,binance,DGBUSDT,0.0000,-0.01,0.01,1.81,-0.00,0.65
1661042040,binance,DGBUSDT,0.0000,-0.01,0.01,1.69,0.00,0.65
1661042100,binance,DGBUSDT,0.0000,-0.01,0.01,1.59,-0.00,0.65
1661042160,binance,DGBUSDT,0.0000,-0.01,0.01,1.50,-0.00,0.65
1661042220,binance,DGBUSDT,0.0000,-0.00,0.01,1.42,-0.00,0.65
1661042280,binance,DGBUSDT,-0.0009,-0.00,0.01,1.13,-0.00,0.63
1661042340,binance,DGBUSDT,0.0000,-0.00,0.01,1.07,-0.00,0.63
1661042400,binance,DGBUSDT,0.0009,-0.00,0.01,1.24,-0.00,0.62
1661042460,binance,DGBUSDT,0.0000,-0.00,0.01,1.18,-0.00,0.62
1661042520,binance,DGBUSDT,0.0000,-0.00,0.01,1.12,-0.00,0.62
1661042580,binance,DGBUSDT,-0.0009,-0.00,0.01,0.84,-0.00,0.62
1661042640,binance,DGBUSDT,-0.0019,-0.00,0.01,0.33,0.00,0.58
1661042700,binance,DGBUSDT,0.0000,-0.00,0.01,0.30,0.00,0.60
1661042760,binance,DGBUSDT,-0.0009,-0.00,0.01,-0.01,-0.00,0.62
1661042820,binance,DGBUSDT,0.0000,-0.00,0.01,-0.06,-0.00,0.64
1661042880,binance,DGBUSDT,0.0000,-0.00,0.01,-0.13,0.00,0.64
1661042940,binance,DGBUSDT,0.0000,-0.00,0.01,-0.17,0.01,0.64
1661043000,binance,DGBUSDT,-0.0009,-0.01,0.01,-0.54,0.00,0.64
1661043060,binance,DGBUSDT,-0.0019,-0.01,0.01,-1.25,0.00,0.62
1661043120,binance,DGBUSDT,0.0000,-0.01,0.01,-1.30,0.01,0.61
1661043180,binance,DGBUSDT,0.0000,-0.01,0.01,-1.36,0.01,0.61
1661043240,binance,DGBUSDT,0.0000,-0.01,0.01,-1.42,0.01,0.61
1661043300,binance,DGBUSDT,0.0000,-0.01,0.01,-1.49,0.01,0.61
1661043360,binance,DGBUSDT,0.0000,-0.01,0.01,-1.53,0.01,0.61
1661043420,binance,DGBUSDT,0.0000,-0.01,0.01,-1.53,0.01,0.61
1661043480,binance,DGBUSDT,0.0000,-0.01,0.01,-1.50,0.01,0.61
1661043540,binance,DGBUSDT,-0.0019,-0.01,0.00,-2.14,0.01,0.59
1661043600,binance,DGBUSDT,0.0000,-0.01,0.00,-1.98,0.01,0.42
1661043660,binance,DGBUSDT,0.0000,-0.01,0.00,-1.84,0.01,0.41
1661043720,binance,DGBUSDT,0.0019,-0.01,0.00,-1.12,0.01,0.51
1661043780,binance,DGBUSDT,0.0000,-0.01,0.00,-1.08,0.01,0.51
1661043840,binance,DGBUSDT,0.0000,-0.01,0.00,-1.04,0.02,0.51
1661043900,binance,DGBUSDT,0.0000,-0.01,0.00,-1.00,0.01,0.51
1661043960,binance,DGBUSDT,0.0000,-0.01,0.00,-0.97,0.02,0.51
1661044020,binance,DGBUSDT,0.0000,-0.01,0.00,-0.92,0.02,0.50
1661044080,binance,DGBUSDT,0.0009,-0.01,0.00,-0.58,0.02,0.47
1661044140,binance,DGBUSDT,-0.0009,-0.01,0.00,-0.85,0.04,0.51
1661044200,binance,DGBUSDT,0.0000,-0.01,0.00,-0.81,0.03,0.51
1661044260,binance,DGBUSDT,0.0000,-0.01,0.00,-0.77,0.03,0.51
1661044320,binance,DGBUSDT,0.0000,-0.01,0.00,-0.73,0.03,0.50
1661044380,binance,DGBUSDT,0.0000,-0.01,0.00,-0.69,0.03,0.52
1661044440,binance,DGBUSDT,0.0000,-0.01,0.00,-0.65,0.03,0.52
1661044500,binance,DGBUSDT,0.0000,-0.01,0.00,-0.62,0.03,0.50
1661044560,binance,DGBUSDT,0.0000,-0.01,0.00,-0.58,0.03,0.50
1661044620,binance,DGBUSDT,-0.0019,-0.01,0.00,-1.27,0.03,0.48
1661044680,binance,DGBUSDT,0.0000,-0.01,0.00,-1.22,0.02,0.48
1661044740,binance,DGBUSDT,0.0000,-0.01,0.00,-1.18,0.02,0.46
1661044800,binance,DGBUSDT,0.0000,-0.01,0.00,-1.16,0.03,0.47
1661044860,binance,DGBUSDT,0.0000,-0.01,0.00,-1.16,0.03,0.47
1661044920,binance,DGBUSDT,0.0000,-0.01,0.00,-1.19,0.03,0.47
1661044980,binance,DGBUSDT,0.0000,-0.01,0.00,-1.22,0.03,0.47
1661045040,binance,DGBUSDT,0.0000,-0.01,0.00,-1.20,0.03,0.47
1661045100,binance,DGBUSDT,0.0000,-0.00,0.00,-1.19,0.03,0.47
1661045160,binance,DGBUSDT,0.0000,-0.00,0.00,-1.16,0.03,0.47
1661045220,binance,DGBUSDT,0.0000,-0.00,0.00,-1.14,0.03,0.47
1661045280,binance,DGBUSDT,-0.0009,-0.01,0.00,-1.86,0.03,0.53
1661045340,binance,DGBUSDT,0.0000,-0.00,0.00,-1.87,0.03,0.53
1661045400,binance,DGBUSDT,0.0000,-0.00,0.00,-1.83,0.03,0.53
1661045460,binance,DGBUSDT,0.0009,-0.00,0.00,-0.91,0.03,0.43
1661045520,binance,DGBUSDT,0.0009,-0.00,0.00,-0.02,0.03,0.43
1661045580,binance,DGBUSDT,-0.0009,-0.00,0.00,-0.85,0.03,0.44
1661045640,binance,DGBUSDT,0.0019,-0.00,0.00,0.90,0.03,0.50
1661045700,binance,DGBUSDT,0.0000,-0.00,0.00,0.90,0.03,0.50
1661045760,binance,DGBUSDT,0.0019,-0.00,0.00,2.42,0.03,0.53
1661045820,binance,DGBUSDT,-0.0009,-0.00,0.00,1.55,0.03,0.56
1661045880,binance,DGBUSDT,0.0038,-0.00,0.01,3.72,0.04,0.62
1661045940,binance,DGBUSDT,0.0000,-0.00,0.01,3.13,0.04,0.62
1661046000,binance,DGBUSDT,0.0000,-0.00,0.01,2.74,0.04,0.62
1661046060,binance,DGBUSDT,0.0009,-0.00,0.01,2.81,0.04,0.59
1661046120,binance,DGBUSDT,0.0000,-0.00,0.01,2.51,0.04,0.59
1661046180,binance,DGBUSDT,0.0000,-0.00,0.01,2.28,0.04,0.59
1661046240,binance,DGBUSDT,0.0000,-0.00,0.01,2.09,0.04,0.59
1661046300,binance,DGBUSDT,0.0000,-0.00,0.01,1.93,0.04,0.59
1661046360,binance,DGBUSDT,0.0000,-0.00,0.01,1.80,0.04,0.65
1661046420,binance,DGBUSDT,0.0000,-0.00,0.01,1.68,0.03,0.65
1661046480,binance,DGBUSDT,0.0000,-0.00,0.01,1.59,0.03,0.65
1661046540,binance,DGBUSDT,0.0009,-0.00,0.01,1.76,0.03,0.63
1661046600,binance,DGBUSDT,0.0000,-0.00,0.01,1.65,0.03,0.63
1661046660,binance,DGBUSDT,-0.0009,-0.00,0.01,1.30,0.03,0.63
1661046720,binance,DGBUSDT,0.0000,-0.00,0.01,1.24,0.03,0.63
1661046780,binance,DGBUSDT,0.0000,-0.00,0.01,1.18,0.03,0.63
1661046840,binance,DGBUSDT,0.0038,-0.00,0.01,2.05,0.04,0.67
1661046900,binance,DGBUSDT,-0.0009,-0.00,0.01,1.68,0.04,0.67
1661046960,binance,DGBUSDT,0.0019,-0.00,0.01,1.99,0.04,0.67
1661047020,binance,DGBUSDT,0.0000,-0.00,0.01,1.85,0.04,0.67
1661047080,binance,DGBUSDT,0.0000,-0.00,0.01,1.73,0.04,0.67
1661047140,binance,DGBUSDT,-0.0019,-0.00,0.01,1.24,0.03,0.63
1661047200,binance,DGBUSDT,0.0000,-0.00,0.01,1.18,0.03,0.64
1661047260,binance,DGBUSDT,0.0000,-0.00,0.01,1.12,0.03,0.66
1661047320,binance,DGBUSDT,0.0000,-0.00,0.01,1.07,0.03,0.65
1661047380,binance,DGBUSDT,0.0000,-0.00,0.01,1.02,0.03,0.65
1661047440,binance,DGBUSDT,0.0000,-0.00,0.01,0.97,0.04,0.65
1661047500,binance,DGBUSDT,0.0000,-0.00,0.01,0.92,0.04,0.66
1661047560,binance,DGBUSDT,0.0000,-0.00,0.01,0.88,0.03,0.64
1661047620,binance,DGBUSDT,0.0000,-0.00,0.01,0.84,0.03,0.60
1661047680,binance,DGBUSDT,0.0000,-0.00,0.01,0.81,0.03,0.60
1661047740,binance,DGBUSDT,-0.0009,-0.00,0.01,0.52,0.03,0.62
1661047800,binance,DGBUSDT,0.0000,-0.00,0.01,0.49,0.03,0.65
1661047860,binance,DGBUSDT,0.0019,-0.00,0.01,1.03,0.03,0.64
1661047920,binance,DGBUSDT,0.0000,-0.00,0.01,1.01,0.03,0.64
1661047980,binance,DGBUSDT,0.0000,-0.00,0.01,1.01,0.02,0.64
1661048040,binance,DGBUSDT,-0.0019,-0.00,0.01,0.25,0.02,0.62
1661048100,binance,DGBUSDT,0.0000,-0.00,0.01,0.20,0.02,0.62
1661048160,binance,DGBUSDT,0.0000,-0.00,0.01,0.14,0.02,0.62
1661048220,binance,DGBUSDT,0.0000,-0.00,0.01,0.07,0.02,0.62
1661048280,binance,DGBUSDT,-0.0009,-0.00,0.01,-0.53,0.02,0.67
1661048340,binance,DGBUSDT,0.0000,-0.00,0.01,-0.58,0.02,0.67
1661048400,binance,DGBUSDT,0.0000,-0.00,0.00,-0.63,0.02,0.66
1661048460,binance,DGBUSDT,0.0000,-0.00,0.00,-0.66,0.02,0.66
1661048520,binance,DGBUSDT,0.0000,-0.00,0.00,-0.68,0.02,0.66
1661048580,binance,DGBUSDT,-0.0009,-0.00,0.00,-1.32,0.02,0.60
1661048640,binance,DGBUSDT,0.0000,-0.00,0.00,-1.32,0.02,0.59
1661048700,binance,DGBUSDT,-0.0009,-0.01,0.00,-1.89,0.02,0.60
1661048760,binance,DGBUSDT,0.0009,-0.01,0.00,-1.27,0.02,0.53
1661048820,binance,DGBUSDT,0.0000,-0.01,0.00,-1.27,0.02,0.53
1661048880,binance,DGBUSDT,0.0000,-0.01,0.00,-1.27,0.02,0.56
1661048940,binance,DGBUSDT,0.0000,-0.01,0.00,-1.23,0.02,0.56
1661049000,binance,DGBUSDT,0.0000,-0.01,0.00,-1.20,0.02,0.56
1661049060,binance,DGBUSDT,0.0000,-0.01,0.00,-1.20,0.02,0.56
1661049120,binance,DGBUSDT,0.0000,-0.01,0.00,-1.20,0.02,0.56
1661049180,binance,DGBUSDT,0.0000,-0.01,0.00,-1.20,0.02,0.56
1661049240,binance,DGBUSDT,-0.0019,-0.01,0.00,-2.20,0.02,0.53
1661049300,binance,DGBUSDT,0.0000,-0.01,0.00,-2.02,0.02,0.53
1661049360,binance,DGBUSDT,0.0000,-0.01,0.00,-1.92,0.02,0.53
1661049420,binance,DGBUSDT,-0.0009,-0.01,0.00,-2.29,0.02,0.54
1661049480,binance,DGBUSDT,0.0000,-0.01,0.00,-2.15,0.02,0.53
1661049540,binance,DGBUSDT,0.0019,-0.01,0.00,-1.06,0.02,0.56
1661049600,binance,DGBUSDT,0.0000,-0.01,0.00,-1.01,0.02,0.53
1661049660,binance,DGBUSDT,0.0000,-0.01,0.00,-0.96,0.02,0.53
1661049720,binance,DGBUSDT,0.0000,-0.01,0.00,-0.91,0.02,0.53
1661049780,binance,DGBUSDT,0.0000,-0.01,0.00,-0.87,0.02,0.56
1661049840,binance,DGBUSDT,0.0000,-0.01,0.00,-0.82,0.02,0.56
1661049900,binance,DGBUSDT,0.0000,-0.01,0.00,-0.78,0.02,0.56
1661049960,binance,DGBUSDT,0.0000,-0.01,0.00,-0.74,0.02,0.56
1661050020,binance,DGBUSDT,0.0009,-0.01,0.00,-0.16,0.02,0.52
1661050080,binance,DGBUSDT,0.0009,-0.01,0.00,0.45,0.02,0.50
1661050140,binance,DGBUSDT,0.0000,-0.01,0.00,0.47,0.02,0.50
1661050200,binance,DGBUSDT,0.0019,-0.01,0.01,1.60,0.03,0.53
1661050260,binance,DGBUSDT,0.0000,-0.01,0.01,1.66,0.03,0.53
1661050320,binance,DGBUSDT,0.0000,-0.01,0.01,1.73,0.04,0.51
1661050380,binance,DGBUSDT,0.0000,-0.00,0.01,1.81,0.05,0.51
1661050440,binance,DGBUSDT,0.0000,-0.00,0.01,1.75,0.04,0.48
1661050500,binance,DGBUSDT,0.0000,-0.00,0.01,1.70,0.04,0.50
1661050560,binance,DGBUSDT,0.0000,-0.00,0.01,1.65,0.04,0.50
1661050620,binance,DGBUSDT,-0.0019,-0.00,0.01,0.48,0.04,0.47
1661050680,binance,DGBUSDT,0.0000,-0.00,0.01,0.48,0.04,0.47
1661050740,binance,DGBUSDT,0.0000,-0.00,0.01,0.48,0.04,0.47
1661050800,binance,DGBUSDT,-0.0009,-0.00,0.01,-0.11,0.04,0.50
1661050860,binance,DGBUSDT,0.0000,-0.00,0.01,-0.09,0.04,0.50
1661050920,binance,DGBUSDT,-0.0019,-0.00,0.01,-1.23,0.03,0.48
1661050980,binance,DGBUSDT,0.0000,-0.00,0.01,-1.18,0.03,0.50
1661051040,binance,DGBUSDT,0.0000,-0.00,0.01,-1.13,0.03,0.50
1661051100,binance,DGBUSDT,0.0009,-0.00,0.01,-0.56,0.03,0.48
1661051160,binance,DGBUSDT,0.0000,-0.00,0.01,-0.54,0.03,0.46
1661051220,binance,DGBUSDT,0.0000,-0.00,0.01,-0.53,0.03,0.46
1661051280,binance,DGBUSDT,0.0000,-0.00,0.01,-0.51,0.03,0.43
1661051340,binance,DGBUSDT,-0.0019,-0.01,0.01,-1.55,0.02,0.42
1661051400,binance,DGBUSDT,0.0000,-0.01,0.01,-1.46,0.02,0.42
1661051460,binance,DGBUSDT,0.0000,-0.01,0.01,-1.39,0.02,0.42
1661051520,binance,DGBUSDT,0.0000,-0.01,0.01,-1.32,0.02,0.42
1661051580,binance,DGBUSDT,0.0000,-0.01,0.01,-1.25,0.02,0.42
1661051640,binance,DGBUSDT,0.0000,-0.01,0.01,-1.23,0.02,0.42
1661051700,binance,DGBUSDT,-0.0009,-0.01,0.01,-1.64,0.02,0.44
1661051760,binance,DGBUSDT,0.0000,-0.01,0.01,-1.58,0.02,0.45
1661051820,binance,DGBUSDT,0.0000,-0.01,0.01,-1.54,0.03,0.48
1661051880,binance,DGBUSDT,0.0000,-0.01,0.00,-1.51,0.03,0.48
1661051940,binance,DGBUSDT,0.0000,-0.01,0.00,-1.43,0.03,0.39
1661052000,binance,DGBUSDT,0.0000,-0.01,0.00,-1.36,0.03,0.39
1661052060,binance,DGBUSDT,0.0000,-0.01,0.00,-1.30,0.03,0.39
1661052120,binance,DGBUSDT,0.0000,-0.01,0.00,-1.25,0.02,0.39
1661052180,binance,DGBUSDT,-0.0009,-0.01,0.00,-1.56,0.02,0.40
1661052240,binance,DGBUSDT,0.0000,-0.01,0.00,-1.48,0.02,0.40
1661052300,binance,DGBUSDT,0.0019,-0.01,0.00,-0.69,0.03,0.50
1661052360,binance,DGBUSDT,0.0000,-0.01,0.00,-0.66,0.03,0.52
1661052420,binance,DGBUSDT,0.0000,-0.01,0.00,-0.63,0.03,0.52
1661052480,binance,DGBUSDT,0.0009,-0.01,0.00,-0.23,0.03,0.49
1661052540,binance,DGBUSDT,-0.0019,-0.01,0.00,-0.94,0.03,0.46
1661052600,binance,DGBUSDT,0.0019,-0.01,0.00,-0.14,0.03,0.48
1661052660,binance,DGBUSDT,-0.0019,-0.01,0.00,-0.90,0.03,0.48
1661052720,binance,DGBUSDT,-0.0019,-0.01,0.00,-1.66,0.03,0.47
1661052780,binance,DGBUSDT,-0.0009,-0.01,0.00,-1.99,0.02,0.49
1661052840,binance,DGBUSDT,0.0019,-0.01,0.00,-1.12,0.03,0.53
1661052900,binance,DGBUSDT,0.0000,-0.01,0.00,-1.10,0.03,0.53
1661052960,binance,DGBUSDT,0.0000,-0.01,0.00,-1.10,0.03,0.53
1661053020,binance,DGBUSDT,0.0000,-0.01,0.00,-1.07,0.03,0.53
1661053080,binance,DGBUSDT,0.0000,-0.01,0.00,-1.04,0.02,0.54
1661053140,binance,DGBUSDT,0.0009,-0.01,0.00,-0.42,0.02,0.52
1661053200,binance,DGBUSDT,0.0000,-0.01,0.00,-0.38,0.02,0.52
1661053260,binance,DGBUSDT,0.0000,-0.01,0.00,-0.34,0.02,0.52
1661053320,binance,DGBUSDT,-0.0028,-0.01,0.00,-2.27,0.02,0.48
1661053380,binance,DGBUSDT,0.0000,-0.01,0.00,-2.09,0.02,0.48
1661053440,binance,DGBUSDT,0.0000,-0.01,0.00,-1.94,0.02,0.47
1661053500,binance,DGBUSDT,0.0000,-0.01,0.00,-1.84,0.01,0.47
1661053560,binance,DGBUSDT,0.0000,-0.01,0.00,-1.76,0.01,0.47
1661053620,binance,DGBUSDT,-0.0009,-0.01,0.00,-2.25,0.01,0.48
1661053680,binance,DGBUSDT,0.0000,-0.01,0.00,-2.13,0.01,0.48
1661053740,binance,DGBUSDT,0.0000,-0.01,0.00,-1.97,0.01,0.48
1661053800,binance,DGBUSDT,0.0000,-0.01,0.00,-1.84,0.01,0.48
1661053860,binance,DGBUSDT,0.0000,-0.01,0.00,-1.72,0.01,0.48
1661053920,binance,DGBUSDT,0.0000,-0.01,0.00,-1.62,0.01,0.47
1661053980,binance,DGBUSDT,0.0000,-0.01,0.00,-1.53,0.01,0.47
1661054040,binance,DGBUSDT,-0.0009,-0.01,0.00,-1.92,0.01,0.47
1661054100,binance,DGBUSDT,0.0000,-0.01,0.00,-1.79,0.01,0.47
1661054160,binance,DGBUSDT,0.0009,-0.01,0.00,-1.22,0.01,0.45
1661054220,binance,DGBUSDT,0.0000,-0.01,0.00,-1.16,0.01,0.47
1661054280,binance,DGBUSDT,0.0000,-0.01,0.00,-1.10,0.01,0.47
